-163.7129, -78.5957, -163.1058, -78.2233, -161.2451, -78.3802, -160.2462, -78.6936, -159.4824, -79.0463, -159.2082, -79.4970, -161.1276, -79.6342, -162.4398, -79.2815, -163.0274, -78.9288, -163.0666, -78.8700, -163.7129, -78.5957
-6.1979, 53.8676, -6.0330, 53.1532, -6.7889, 52.2601, -8.5616, 51.6693, -9.9771, 51.8205, -9.1663, 52.8646, -9.6885, 53.8814, -8.3280, 54.6645, -7.5722, 55.1316, -6.7338, 55.1729, -5.6619, 54.5546, -6.1979, 53.8676
141.0002, -2.6002, 142.7352, -3.2892, 144.5840, -3.8614, 145.2731, -4.3737, 145.8298, -4.8765, 145.9819, -5.4656, 147.6481, -6.0837, 147.8911, -6.6140, 146.9709, -6.7217, 147.1919, -7.3880, 148.0846, -8.0441, 148.7341, -9.1047, 149.3068, -9.0714, 149.2666, -9.5144, 150.0387, -9.6843, 149.7388, -9.8729, 150.8016, -10.2937, 150.6906, -10.5827, 150.0284, -10.6525, 149.7823, -10.3933, 148.9231, -10.2809, 147.9130, -10.1304, 147.1354, -9.4924, 146.5679, -8.9426, 146.0485, -8.0674, 144.7442, -7.6301, 143.8971, -7.9153, 143.2864, -8.2455, 143.4139, -8.9831, 142.6284, -9.3268, 142.0683, -9.1596, 141.0339, -9.1179, 140.1434, -8.2972, 139.1278, -8.0960, 138.8815, -8.3809, 137.6145, -8.4117, 138.0391, -7.5979, 138.6686, -7.3202, 138.4079, -6.2328, 137.9278, -5.3934, 135.9893, -4.5465, 135.1646, -4.4629, 133.6629, -3.5389, 133.3677, -4.0248, 132.9840, -4.1130, 132.7569, -3.7463, 132.7538, -3.3118, 131.9898, -2.8206, 133.0668, -2.4604, 133.7800, -2.4798, 133.6962, -2.2145, 132.2324, -2.2125, 131.8362, -1.6172, 130.9428, -1.4325, 130.5196, -0.9377, 131.8675, -0.6955, 132.3801, -0.3695, 133.9855, -0.7802, 134.1434, -1.1519, 134.4226, -2.7692, 135.4576, -3.3677, 136.2933, -2.3070, 137.4407, -1.7035, 138.3297, -1.7026, 139.1849, -2.0513, 139.9267, -2.4090, 141.0002, -2.6002
114.2040, 4.5259, 114.6000, 4.9000, 115.4507, 5.4477, 116.2207, 6.1432, 116.7251, 6.9248, 117.1296, 6.9281, 117.6434, 6.4222, 117.6891, 5.9875, 118.3477, 5.7087, 119.1819, 5.4078, 119.1107, 5.0161, 118.4397, 4.9665, 118.6183, 4.4782, 117.8820, 4.1376, 117.3132, 3.2344, 118.0483, 2.2877, 117.8756, 1.8276, 118.9967, 0.9022, 117.8119, 0.7842, 117.4783, 0.1025, 117.5216, -0.8037, 116.5600, -1.4876, 116.5338, -2.4835, 116.1481, -4.0127, 116.0009, -3.6570, 114.8648, -4.1070, 114.4687, -3.4957, 113.7557, -3.4392, 113.2570, -3.1188, 112.0681, -3.4784, 111.7033, -2.9944, 111.0482, -3.0494, 110.2238, -2.9340, 110.0709, -1.5929, 109.5719, -1.3149, 109.0919, -0.4595, 108.9527, 0.4154, 109.0691, 1.3419, 109.6633, 2.0065, 110.3961, 1.6638, 111.1689, 1.8506, 111.3701, 2.6973, 111.7969, 2.8859, 112.9956, 3.1024, 113.7129, 3.8935, 114.2040, 4.5259
-93.6128, 74.9800, -94.1569, 74.5923, -95.6087, 74.6669, -96.8209, 74.9276, -96.2886, 75.3778, -94.8508, 75.6472, -93.9777, 75.2965, -93.6128, 74.9800
-93.8400, 77.5200, -94.2956, 77.4913, -96.1697, 77.5551, -96.4363, 77.8346, -94.4226, 77.8200, -93.7207, 77.6343, -93.8400, 77.5200
-96.7544, 78.7658, -95.5593, 78.4183, -95.8303, 78.0569, -97.3098, 77.8506, -98.1243, 78.0829, -98.5529, 78.4581, -98.6320, 78.8719, -97.3372, 78.8320, -96.7544, 78.7658
-88.1504, 74.3923, -89.7647, 74.5156, -92.4224, 74.8378, -92.7683, 75.3868, -92.8899, 75.8827, -93.8938, 76.3192, -95.9625, 76.4414, -97.1214, 76.7511, -96.7451, 77.1614, -94.6841, 77.0979, -93.5739, 76.7763, -91.6050, 76.7785, -90.7418, 76.4496, -90.9697, 76.0740, -89.8222, 75.8478, -89.1871, 75.6102, -87.8383, 75.5662, -86.3792, 75.4824, -84.7896, 75.6992, -82.7534, 75.7843, -81.1285, 75.7140, -80.0575, 75.3368, -79.8339, 74.9231, -80.4578, 74.6573, -81.9488, 74.4425, -83.2289, 74.5640, -86.0975, 74.4100, -88.1504, 74.3923
-111.2644, 78.1530, -109.8545, 77.9963, -110.1869, 77.6970, -112.0512, 77.4092, -113.5343, 77.7322, -112.7246, 78.0511, -111.2644, 78.1530
-110.9637, 78.8044, -109.6631, 78.6020, -110.8813, 78.4069, -112.5421, 78.4079, -112.5259, 78.5506, -111.5000, 78.8500, -110.9637, 78.8044
-66.2824, 18.5148, -65.7713, 18.4267, -65.5910, 18.2280, -65.8472, 17.9759, -66.5999, 17.9818, -67.1842, 17.9466, -67.2424, 18.3745, -67.1007, 18.5206, -66.2824, 18.5148
-77.5696, 18.4905, -76.8966, 18.4009, -76.3654, 18.1607, -76.1997, 17.8869, -76.9026, 17.8682, -77.2063, 17.7011, -77.7660, 17.8616, -78.3377, 18.2260, -78.2177, 18.4545, -77.7974, 18.5242, -77.5696, 18.4905
-82.2682, 23.1886, -81.4045, 23.1173, -80.6188, 23.1060, -79.6795, 22.7653, -79.2815, 22.3992, -78.3474, 22.5122, -77.9933, 22.2772, -77.1464, 21.6579, -76.5238, 21.2068, -76.1946, 21.2206, -75.5982, 21.0166, -75.6711, 20.7351, -74.9339, 20.6939, -74.1780, 20.2847, -74.2966, 20.0504, -74.9616, 19.9234, -75.6347, 19.8738, -76.3237, 19.9529, -77.7555, 19.8555, -77.0851, 20.4134, -77.4927, 20.6731, -78.1373, 20.7399, -78.4828, 21.0286, -78.7199, 21.5981, -79.2850, 21.5592, -80.2175, 21.8273, -80.5175, 22.0371, -81.8209, 22.1921, -82.1700, 22.3871, -81.7950, 22.6370, -82.7759, 22.6882, -83.4945, 22.1685, -83.9088, 22.1546, -84.0522, 21.9106, -84.5470, 21.8012, -84.9749, 21.8960, -84.4471, 22.2049, -84.2304, 22.5658, -83.7782, 22.7881, -83.2675, 22.9830, -82.5104, 23.0787, -82.2682, 23.1886
-55.6002, 51.3171, -56.1340, 50.6870, -56.7959, 49.8123, -56.1431, 50.1501, -55.4715, 49.9358, -55.8224, 49.5871, -54.9351, 49.3130, -54.4738, 49.5567, -53.4765, 49.2491, -53.7860, 48.5168, -53.0861, 48.6878, -52.9586, 48.1572, -52.6481, 47.5355, -53.0692, 46.6555, -53.5215, 46.6183, -54.1789, 46.8071, -53.9619, 47.6252, -54.2405, 47.7523, -55.4008, 46.8850, -55.9975, 46.9197, -55.2912, 47.3896, -56.2508, 47.6325, -57.3252, 47.5728, -59.2660, 47.6033, -59.4195, 47.8995, -58.7966, 48.2515, -59.2316, 48.5232, -58.3918, 49.1256, -57.3587, 50.7183, -56.7387, 51.2874, -55.8710, 51.6321, -55.4070, 51.5883, -55.6002, 51.3171
-83.8826, 65.1096, -82.7876, 64.7667, -81.6420, 64.4551, -81.5534, 63.9796, -80.8174, 64.0575, -80.1035, 63.7260, -80.9910, 63.4112, -82.5472, 63.6517, -83.1088, 64.1019, -84.1004, 63.5697, -85.5234, 63.0524, -85.8668, 63.6373, -87.2220, 63.5412, -86.3528, 64.0358, -86.2249, 64.8229, -85.8838, 65.7388, -85.1613, 65.6573, -84.9758, 65.2175, -84.4640, 65.3718, -83.8826, 65.1096
-78.7706, 72.3522, -77.8246, 72.7496, -75.6058, 72.2437, -74.2286, 71.7671, -74.0991, 71.3308, -72.2422, 71.5569, -71.2000, 70.9200, -68.7861, 70.5250, -67.9150, 70.1219, -66.9690, 69.1861, -68.8051, 68.7202, -66.4499, 68.0672, -64.8623, 67.8475, -63.4249, 66.9285, -61.8520, 66.8621, -62.1632, 66.1603, -63.9184, 64.9987, -65.1489, 65.4260, -66.7212, 66.3880, -68.0150, 66.2627, -68.1413, 65.6898, -67.0896, 65.1085, -65.7321, 64.6484, -65.3202, 64.3827, -64.6694, 63.3929, -65.0138, 62.6742, -66.2750, 62.9451, -68.7832, 63.7457, -67.3697, 62.8840, -66.3283, 62.2801, -66.1656, 61.9309, -68.8774, 62.3301, -71.0234, 62.9107, -72.2354, 63.3978, -71.8863, 63.6800, -73.3783, 64.1940, -74.8344, 64.6791, -74.8185, 64.3891, -77.7100, 64.2295, -78.5559, 64.5729, -77.8973, 65.3092, -76.0183, 65.3270, -73.9598, 65.4548, -74.2939, 65.8118, -73.9449, 66.3106, -72.6512, 67.2846, -72.9261, 67.7269, -73.3116, 68.0694, -74.8433, 68.5546, -76.8691, 68.8947, -76.2286, 69.1478, -77.2874, 69.7695, -78.1686, 69.8265, -78.9572, 70.1669, -79.4925, 69.8718, -81.3055, 69.7432, -84.9447, 69.9666, -87.0600, 70.2600, -88.6817, 70.4107, -89.5134, 70.7621, -88.4677, 71.2182, -89.8882, 71.2226, -90.2052, 72.2351, -89.4366, 73.1295, -88.4082, 73.5379, -85.8262, 73.8038, -86.5622, 73.1574, -85.7744, 72.5341, -84.8501, 73.3403, -82.3156, 73.7510, -80.6001, 72.7165, -80.7489, 72.0619, -78.7706, 72.3522
-94.5037, 74.1349, -92.4200, 74.1000, -90.5098, 73.8567, -92.0040, 72.9662, -93.1963, 72.7720, -94.2690, 72.0246, -95.4099, 72.0619, -96.0337, 72.9403, -96.0183, 73.4374, -95.4958, 73.8624, -94.5037, 74.1349
-100.4384, 72.7059, -101.5400, 73.3600, -100.3564, 73.8439, -99.1639, 73.6334, -97.3800, 73.7600, -97.1200, 73.4700, -98.0536, 72.9905, -96.5400, 72.5600, -96.7200, 71.6600, -98.3596, 71.2729, -99.3228, 71.3564, -100.0148, 71.7383, -102.4800, 72.4829, -102.4800, 72.8300, -100.4384, 72.7059
-107.8194, 75.8455, -106.9289, 76.0128, -105.8810, 75.9694, -105.7050, 75.4795, -106.3135, 75.0053, -109.7000, 74.8500, -112.2231, 74.4170, -113.7438, 74.3943, -113.8713, 74.7203, -111.7942, 75.1625, -116.3122, 75.0434, -117.7104, 75.2222, -116.3460, 76.1990, -115.4049, 76.4789, -112.5906, 76.1413, -110.8142, 75.5492, -109.0671, 75.4732, -110.4973, 76.4298, -109.5811, 76.7942, -108.5486, 76.6783, -108.2114, 76.2017, -107.8194, 75.8455
-122.8549, 76.1165, -121.1575, 76.8645, -119.1039, 77.5122, -117.5701, 77.4983, -116.1986, 77.6453, -116.3358, 76.8770, -117.1061, 76.5300, -118.0404, 76.4812, -119.8993, 76.0532, -121.5000, 75.9000, -122.8549, 76.1165
-121.5379, 74.4489, -120.1098, 74.2414, -117.5556, 74.1858, -116.5844, 73.8961, -115.5108, 73.4752, -116.7679, 73.2229, -119.2200, 72.5200, -120.4600, 71.8200, -120.4600, 71.3836, -123.0922, 70.9016, -123.6200, 71.3400, -125.9289, 71.8687, -125.5000, 72.2923, -124.8073, 73.0226, -123.9400, 73.6800, -124.9177, 74.2927, -121.5379, 74.4489
-166.4678, 60.3842, -165.6744, 60.2936, -165.5792, 59.9100, -166.1928, 59.7544, -166.8483, 59.9414, -167.4553, 60.2131, -166.4678, 60.3842
-153.2287, 57.9690, -152.5648, 57.9014, -152.1411, 57.5911, -153.0063, 57.1158, -154.0051, 56.7347, -154.5164, 56.9927, -154.6710, 57.4612, -153.7628, 57.8166, -153.2287, 57.9690
-132.7100, 54.0400, -131.7500, 54.1200, -132.0495, 52.9846, -131.1790, 52.1804, -131.5778, 52.1824, -132.1804, 52.6397, -132.5500, 53.1000, -133.0546, 53.4115, -133.2397, 53.8511, -133.1800, 54.1700, -132.7100, 54.0400
-125.4150, 49.9500, -124.9208, 49.4753, -123.9225, 49.0625, -123.5100, 48.5100, -124.0129, 48.3708, -125.6550, 48.8250, -125.9550, 49.1800, -126.8500, 49.5300, -127.0300, 49.8150, -128.0593, 49.9950, -128.4446, 50.5391, -128.3584, 50.7706, -127.3086, 50.5526, -126.6950, 50.4009, -125.7550, 50.2950, -125.4150, 49.9500
-171.7317, 63.7825, -171.1144, 63.5922, -170.4911, 63.6950, -169.6825, 63.4311, -168.6894, 63.2975, -168.7719, 63.1886, -169.5294, 62.9769, -170.2906, 63.1944, -170.6714, 63.3758, -171.5531, 63.3178, -171.7911, 63.4058, -171.7317, 63.7825
-105.4923, 79.3016, -103.5293, 79.1653, -100.8252, 78.8005, -100.0602, 78.3248, -99.6709, 77.9075, -101.3039, 78.0190, -102.9498, 78.3432, -105.1761, 78.3803, -104.2104, 78.6774, -105.4196, 78.9183, -105.4923, 79.3016
32.9470, 35.3867, 33.6672, 35.3732, 34.5765, 35.6716, 33.9008, 35.2458, 34.0049, 34.9781, 32.9798, 34.5719, 32.4903, 34.7017, 32.2567, 35.1032, 32.8025, 35.1455, 32.9470, 35.3867
26.2900, 35.3000, 26.1650, 35.0050, 24.7250, 34.9200, 24.7350, 35.0850, 23.5150, 35.2800, 23.7000, 35.7050, 24.2467, 35.3680, 25.0250, 35.4250, 25.7692, 35.3540, 25.7450, 35.1800, 26.2900, 35.3000
49.5435, -12.4698, 49.8090, -12.8953, 50.0565, -13.5558, 50.2174, -14.7588, 50.4765, -15.2265, 50.3771, -15.7061, 50.2003, -16.0003, 49.8606, -15.4143, 49.6726, -15.7102, 49.8633, -16.4510, 49.7746, -16.8750, 49.4986, -17.1060, 49.4356, -17.9531, 49.0418, -19.1188, 48.5485, -20.4969, 47.9307, -22.3915, 47.5477, -23.7820, 47.0958, -24.9416, 46.2825, -25.1785, 45.4095, -25.6014, 44.8336, -25.3461, 44.0397, -24.9883, 43.7638, -24.4607, 43.6978, -23.5741, 43.3457, -22.7769, 43.2542, -22.0574, 43.4333, -21.3365, 43.8937, -21.1633, 43.8964, -20.8305, 44.3743, -20.0724, 44.4644, -19.4355, 44.2324, -18.9620, 44.0430, -18.3314, 43.9631, -17.4099, 44.3125, -16.8504, 44.4465, -16.2162, 44.9449, -16.1794, 45.5027, -15.9744, 45.8730, -15.7935, 46.3122, -15.7800, 46.8822, -15.2102, 47.7051, -14.5943, 48.0052, -14.0912, 47.8690, -13.6639, 48.2938, -13.7841, 48.8451, -13.0892, 48.8635, -12.4879, 49.1947, -12.0405, 49.5435, -12.4698
167.2168, -15.8918, 167.8449, -16.4663, 167.5152, -16.5978, 167.1800, -16.1600, 167.2168, -15.8918
166.7932, -15.6688, 166.6499, -15.3927, 166.6291, -14.6265, 167.1077, -14.9339, 167.2700, -15.7400, 167.0012, -15.6146, 166.7932, -15.6688
134.2101, -6.8952, 134.1128, -6.1425, 134.2903, -5.7831, 134.4996, -5.4450, 134.7270, -5.7376, 134.7246, -6.2144, 134.2101, -6.8952
-48.6606, -78.0470, -48.1514, -78.0471, -46.6629, -77.8315, -45.1548, -78.0471, -43.9208, -78.4781, -43.4899, -79.0856, -43.3724, -79.5166, -43.3333, -80.0261, -44.8805, -80.3396, -46.5062, -80.5944, -48.3864, -80.8295, -50.4821, -81.0254, -52.8520, -80.9667, -54.1643, -80.6335, -53.9880, -80.2220, -51.8531, -79.9477, -50.9913, -79.6146, -50.3646, -79.1835, -49.9141, -78.8112, -49.3070, -78.4586, -48.6606, -78.0470
-66.2900, -80.2558, -64.0377, -80.2949, -61.8832, -80.3929, -61.1390, -79.9814, -60.6101, -79.6287, -59.5721, -80.0402, -59.8658, -80.5497, -60.1597, -81.0003, -62.2554, -80.8632, -64.4881, -80.9219, -65.7417, -80.5888, -65.7417, -80.5497, -66.2900, -80.2558
-73.9158, -71.2693, -73.2303, -71.1518, -72.0747, -71.1910, -71.7810, -70.6815, -71.7222, -70.3091, -71.7418, -69.5058, -71.1738, -69.0355, -70.2533, -68.8787, -69.7244, -69.2510, -69.4894, -69.6233, -69.0585, -70.0740, -68.7255, -70.5052, -68.4513, -70.9558, -68.3338, -71.4065, -68.5101, -71.7984, -68.7843, -72.1707, -69.9595, -72.3079, -71.0759, -72.5038, -72.3881, -72.4842, -71.8985, -72.0923, -73.0736, -72.2295, -74.1900, -72.3667, -74.9539, -72.0728, -75.0126, -71.6613, -73.9158, -71.2693
-102.3307, -71.8942, -101.7040, -71.7178, -100.4309, -71.8550, -98.9815, -71.9333, -97.8847, -72.0705, -96.7879, -71.9530, -96.2003, -72.5212, -96.9838, -72.4429, -98.1981, -72.4820, -99.4320, -72.4429, -100.7835, -72.5016, -101.8019, -72.3057, -102.3307, -71.8942
-122.6217, -73.6578, -122.4062, -73.3246, -121.2115, -73.5010, -119.9189, -73.6577, -118.7241, -73.4814, -119.2921, -73.8341, -120.2322, -74.0888, -121.6228, -74.0105, -122.6217, -73.6578
-127.2831, -73.4618, -126.5585, -73.2462, -125.5596, -73.4814, -124.0319, -73.8733, -124.6195, -73.8341, -125.9122, -73.7361, -127.2831, -73.4618
165.7800, -21.0800, 166.6000, -21.7000, 167.1200, -22.1600, 166.7400, -22.4000, 166.1897, -22.1297, 165.4744, -21.6796, 164.8298, -21.1498, 164.1680, -20.4447, 164.0296, -20.1056, 164.4600, -20.1200, 165.0200, -20.4600, 165.4600, -20.8000, 165.7800, -21.0800
152.6400, -3.6600, 153.0200, -3.9800, 153.1400, -4.5000, 152.8273, -4.7664, 152.6387, -4.1761, 152.4060, -3.7897, 151.9532, -3.4621, 151.3843, -3.0354, 150.6620, -2.7415, 150.9400, -2.5000, 151.4800, -2.7800, 151.8200, -3.0000, 152.2400, -3.2400, 152.6400, -3.6600
151.3014, -5.8407, 150.7544, -6.0837, 150.2412, -6.3178, 149.7100, -6.3165, 148.8901, -6.0260, 148.3189, -5.7471, 148.4018, -5.4378, 149.2984, -5.5837, 149.8456, -5.5055, 149.9963, -5.0261, 150.1398, -5.0013, 150.2369, -5.5322, 150.8075, -5.4558, 151.0897, -5.1137, 151.6479, -4.7571, 151.5379, -4.1678, 152.1368, -4.1488, 152.3387, -4.3130, 152.3187, -4.8677, 151.9828, -5.4781, 151.4591, -5.5603, 151.3014, -5.8407
162.1190, -10.4827, 162.3986, -10.8264, 161.7000, -10.8200, 161.3198, -10.2048, 161.9174, -10.4466, 162.1190, -10.4827
161.6800, -9.6000, 161.5294, -9.7843, 160.7883, -8.9175, 160.5800, -8.3200, 160.9200, -8.3200, 161.2800, -9.1200, 161.6800, -9.6000
160.8522, -9.8729, 160.4626, -9.8952, 159.8494, -9.7940, 159.6400, -9.6400, 159.7029, -9.2429, 160.3630, -9.4003, 160.6885, -9.6102, 160.8522, -9.8729
159.6400, -8.0200, 159.8750, -8.3373, 159.9174, -8.5383, 159.1337, -8.1142, 158.5861, -7.7548, 158.2111, -7.4219, 158.3600, -7.3200, 158.8200, -7.5600, 159.6400, -8.0200
157.1400, -7.0216, 157.5384, -7.3478, 157.3394, -7.4048, 156.9020, -7.1769, 156.4914, -6.7659, 156.5428, -6.5993, 157.1400, -7.0216
154.7600, -5.3400, 155.0629, -5.5668, 155.5477, -6.2007, 156.0200, -6.5400, 155.8800, -6.8200, 155.6000, -6.9200, 155.1670, -6.5359, 154.7292, -5.9008, 154.5141, -5.1391, 154.6525, -5.0424, 154.7600, -5.3400
176.8858, -40.0660, 176.5080, -40.6048, 176.0124, -41.2896, 175.2396, -41.6883, 175.0679, -41.4259, 174.6510, -41.2818, 175.2276, -40.4592, 174.9002, -39.9089, 173.8240, -39.5089, 173.8523, -39.1466, 174.5748, -38.7977, 174.7435, -38.0278, 174.6970, -37.3811, 174.2920, -36.7111, 174.3190, -36.5348, 173.8410, -36.1220, 173.0542, -35.2371, 172.6360, -34.5291, 173.0070, -34.4507, 173.5513, -35.0062, 174.3294, -35.2655, 174.6120, -36.1563, 175.3366, -37.2091, 175.3576, -36.5262, 175.8089, -36.7989, 175.9585, -37.5554, 176.7632, -37.8813, 177.4388, -37.9612, 178.0104, -37.5798, 178.5171, -37.6954, 178.2747, -38.5828, 177.9705, -39.1663, 177.2070, -39.1458, 176.9400, -39.4497, 177.0329, -39.8799, 176.8858, -40.0660
169.6678, -43.5553, 170.5249, -43.0317, 171.1251, -42.5128, 171.5697, -41.7674, 171.9487, -41.5144, 172.0972, -40.9561, 172.7986, -40.4940, 173.0204, -40.9191, 173.2472, -41.3320, 173.9584, -40.9267, 174.2476, -41.3492, 174.2485, -41.7700, 173.8764, -42.2332, 173.2227, -42.9700, 172.7112, -43.3723, 173.0801, -43.8533, 172.3086, -43.8657, 171.4529, -44.2425, 171.1851, -44.8971, 170.6167, -45.9089, 169.8314, -46.3558, 169.3323, -46.6412, 168.4114, -46.6199, 167.7637, -46.2902, 166.6769, -46.2199, 166.5091, -45.8527, 167.0464, -45.1109, 168.3038, -44.1240, 168.9494, -43.9358, 169.6678, -43.5553
147.6893, -40.8083, 148.2891, -40.8754, 148.3599, -42.0624, 148.0173, -42.4070, 147.9141, -43.2115, 147.5646, -42.9377, 146.8703, -43.6346, 146.6633, -43.5809, 146.0484, -43.5497, 145.4319, -42.6938, 145.2951, -42.0336, 144.7181, -41.1626, 144.7438, -40.7040, 145.3980, -40.7925, 146.3641, -41.1376, 146.9086, -41.0005, 147.6893, -40.8083
126.1487, -32.2160, 125.0886, -32.7288, 124.2216, -32.9595, 124.0289, -33.4838, 123.6597, -33.8902, 122.8110, -33.9145, 122.1831, -34.0034, 121.2992, -33.8210, 120.5803, -33.9302, 119.8937, -33.9761, 119.2989, -34.5094, 119.0073, -34.4641, 118.5057, -34.7468, 118.0250, -35.0647, 117.2955, -35.0255, 116.6251, -35.0251, 115.5643, -34.3864, 115.0268, -34.1965, 115.0486, -33.6234, 115.5451, -33.4873, 115.7147, -33.2596, 115.6794, -32.9004, 115.8016, -32.2051, 115.6896, -31.6124, 115.1609, -30.6016, 114.9970, -30.0307, 115.0400, -29.4610, 114.6420, -28.8102, 114.6165, -28.5164, 114.1736, -28.1181, 114.0489, -27.3347, 113.4775, -26.5431, 113.3390, -26.1165, 113.7784, -26.5490, 113.4410, -25.6213, 113.9369, -25.9112, 114.2329, -26.2984, 114.2162, -25.7863, 113.7213, -24.9989, 113.6253, -24.6840, 113.3935, -24.3847, 113.5020, -23.8064, 113.7070, -23.5602, 113.8434, -23.0600, 113.7366, -22.4755, 114.1498, -21.7558, 114.2253, -22.5175, 114.6478, -21.8295, 115.4602, -21.4952, 115.9474, -21.0687, 116.7116, -20.7017, 117.1663, -20.6235, 117.4415, -20.7469, 118.2296, -20.3742, 118.8361, -20.2633, 118.9878, -20.0442, 119.2525, -19.9529, 119.8052, -19.9765, 120.8562, -19.6837, 121.3999, -19.2398, 121.6551, -18.7053, 122.2417, -18.1976, 122.2866, -17.7986, 122.3128, -17.2549, 123.0126, -16.4052, 123.4338, -17.2686, 123.8593, -17.0690, 123.5032, -16.5965, 123.8171, -16.1113, 124.2583, -16.3279, 124.3797, -15.5671, 124.9262, -15.0751, 125.1673, -14.6804, 125.6701, -14.5101, 125.6858, -14.2307, 126.1251, -14.3473, 126.1428, -14.0960, 126.5826, -13.9528, 127.0659, -13.8180, 127.8046, -14.2769, 128.3597, -14.8692, 128.9855, -14.8760, 129.6215, -14.9698, 129.4096, -14.4207, 129.8886, -13.6187, 130.3395, -13.3574, 130.1835, -13.1075, 130.6178, -12.5364, 131.2235, -12.1836, 131.7351, -12.3025, 132.5753, -12.1140, 132.5572, -11.6030, 131.8247, -11.2738, 132.3572, -11.1285, 133.0196, -11.3764, 133.5508, -11.7865, 134.3931, -12.0424, 134.6786, -11.9412, 135.2985, -12.2486, 135.8827, -11.9623, 136.2584, -12.0493, 136.4925, -11.8572, 136.9516, -12.3520, 136.6851, -12.8872, 136.3054, -13.2912, 135.9618, -13.3245, 136.0776, -13.7243, 135.7838, -14.2240, 135.4287, -14.7154, 135.5002, -14.9977, 136.2952, -15.5503, 137.0654, -15.8708, 137.5805, -16.2151, 138.3032, -16.8076, 138.5852, -16.8066, 139.1085, -17.0627, 139.2606, -17.3716, 140.2151, -17.7108, 140.8754, -17.3691, 141.0711, -16.8320, 141.2741, -16.3889, 141.3982, -15.8405, 141.7022, -15.0449, 141.5634, -14.5613, 141.6355, -14.2704, 141.5199, -13.6981, 141.6509, -12.9447, 141.8427, -12.7415, 141.6870, -12.4076, 141.9286, -11.8775, 142.1185, -11.3280, 142.1437, -11.0427, 142.5153, -10.6682, 142.7973, -11.1574, 142.8668, -11.7847, 143.1159, -11.9056, 143.1586, -12.3257, 143.5221, -12.8344, 143.5972, -13.4004, 143.5618, -13.7637, 143.9221, -14.5483, 144.5637, -14.1712, 144.8949, -14.5945, 145.3747, -14.9850, 145.2720, -15.4282, 145.4853, -16.2857, 145.6370, -16.7849, 145.8889, -16.9069, 146.1603, -17.7617, 146.0637, -18.2801, 146.3875, -18.9583, 147.4711, -19.4807, 148.1776, -19.9559, 148.8484, -20.3912, 148.7175, -20.6335, 149.2894, -21.2605, 149.6783, -22.3425, 150.0774, -22.1228, 150.4829, -22.5561, 150.7273, -22.4024, 150.8996, -23.4622, 151.6092, -24.0763, 152.0735, -24.4578, 152.8552, -25.2675, 153.1362, -26.0712, 153.1619, -26.6413, 153.0929, -27.2603, 153.5695, -28.1101, 153.5121, -28.9951, 153.3391, -29.4582, 153.0692, -30.3502, 153.0896, -30.9236, 152.8916, -31.6404, 152.4500, -32.5500, 151.7091, -33.0413, 151.3440, -33.8160, 151.0106, -34.3104, 150.7141, -35.1735, 150.3282, -35.6719, 150.0752, -36.4202, 149.9461, -37.1091, 149.9973, -37.4253, 149.4239, -37.7727, 148.3046, -37.8091, 147.3817, -38.2192, 146.9221, -38.6065, 146.3179, -39.0358, 145.4897, -38.5938, 144.8770, -38.4174, 145.0322, -37.8962, 144.4857, -38.0853, 143.6100, -38.8095, 142.7454, -38.5383, 142.1783, -38.3800, 141.6066, -38.3085, 140.6386, -38.0193, 139.9922, -37.4029, 139.8066, -36.6436, 139.5741, -36.1384, 139.0828, -35.7328, 138.1207, -35.6123, 138.4495, -35.1273, 138.2076, -34.3847, 137.7192, -35.0768, 136.8294, -35.2605, 137.3524, -34.7073, 137.5039, -34.1303, 137.8901, -33.6405, 137.8103, -32.9000, 136.9968, -33.7528, 136.3720, -34.0948, 135.9890, -34.8901, 135.2082, -34.4787, 135.2392, -33.9480, 134.6134, -33.2228, 134.0859, -32.8481, 134.2739, -32.6172, 132.9908, -32.0112, 132.2881, -31.9826, 131.3263, -31.4958, 129.5358, -31.5904, 128.2409, -31.9485, 127.1029, -32.2823, 126.1487, -32.2160
81.7880, 7.5231, 81.6373, 6.4818, 81.2180, 6.1971, 80.3484, 5.9684, 79.8725, 6.7635, 79.6952, 8.2008, 80.1478, 9.8241, 80.8388, 9.2684, 81.3043, 8.5642, 81.7880, 7.5231
129.3710, -2.8022, 130.4713, -3.0938, 130.8348, -3.8585, 129.9905, -3.4463, 129.1552, -3.3626, 128.5907, -3.4287, 127.8989, -3.3934, 128.1359, -2.8437, 129.3710, -2.8022
126.8749, -3.7909, 126.1838, -3.6074, 125.9890, -3.1772, 127.0007, -3.1293, 127.2492, -3.4591, 126.8749, -3.7909
127.9324, 2.1746, 128.0042, 1.6285, 128.5946, 1.5408, 128.6882, 1.1324, 128.6360, 0.2585, 128.1202, 0.3564, 127.9680, -0.2521, 128.3800, -0.7800, 128.1000, -0.9000, 127.6965, -0.2666, 127.3995, 1.0117, 127.6005, 1.8107, 127.9324, 2.1746
122.9276, 0.8752, 124.0775, 0.9171, 125.0660, 1.6433, 125.2405, 1.4198, 124.4370, 0.4279, 123.6855, 0.2356, 122.7231, 0.4311, 121.0567, 0.3812, 120.1831, 0.2372, 120.0409, -0.5197, 120.9359, -1.4089, 121.4758, -0.9560, 123.3406, -0.6157, 123.2584, -1.0762, 122.8227, -0.9310, 122.3885, -1.5169, 121.5083, -1.9045, 122.4546, -3.1861, 122.2719, -3.5295, 123.1710, -4.6837, 123.1623, -5.3406, 122.6285, -5.6346, 122.2364, -5.2829, 122.7196, -4.4642, 121.7382, -4.8513, 121.4895, -4.5746, 121.6192, -4.1885, 120.8982, -3.6021, 120.9724, -2.6276, 120.3055, -2.9316, 120.3900, -4.0976, 120.4307, -5.5282, 119.7965, -5.6734, 119.3669, -5.3799, 119.6536, -4.4594, 119.4988, -3.4944, 119.0783, -3.4870, 118.7678, -2.8020, 119.1810, -2.1471, 119.3234, -1.3531, 119.8260, 0.1543, 120.0357, 0.5665, 120.8858, 1.3092, 121.6668, 1.0139, 122.9276, 0.8752
120.2950, -10.2586, 118.9678, -9.5580, 119.9003, -9.3613, 120.4258, -9.6659, 120.7755, -9.9697, 120.7156, -10.2396, 120.2950, -10.2586
121.3417, -8.5367, 122.0074, -8.4606, 122.9035, -8.0942, 122.7570, -8.6498, 121.2545, -8.9337, 119.9244, -8.8104, 119.9209, -8.4449, 120.7151, -8.2370, 121.3417, -8.5367
118.2606, -8.3624, 118.8785, -8.2807, 119.1265, -8.7058, 117.9704, -8.9066, 117.2777, -9.0409, 116.7401, -9.0329, 117.0837, -8.4572, 117.6320, -8.4493, 117.9000, -8.0957, 118.2606, -8.3624
108.4868, -6.4220, 108.6235, -6.7777, 110.5392, -6.8774, 110.7596, -6.4652, 112.6148, -6.9460, 112.9788, -7.5942, 114.4789, -7.7765, 115.7055, -8.3708, 114.5645, -8.7518, 113.4647, -8.3489, 112.5597, -8.3762, 111.5221, -8.3021, 110.5861, -8.1226, 109.4277, -7.7407, 108.6937, -7.6416, 108.2778, -7.7667, 106.4541, -7.3549, 106.2806, -6.9249, 105.3655, -6.8514, 106.0516, -5.8959, 107.2650, -5.9550, 108.0721, -6.3458, 108.4868, -6.4220
104.3700, -1.0848, 104.5395, -1.7824, 104.8879, -2.3404, 105.6221, -2.4288, 106.1086, -3.0618, 105.8574, -4.3055, 105.8177, -5.8524, 104.7104, -5.8733, 103.8682, -5.0373, 102.5843, -4.2203, 102.1562, -3.6141, 101.3991, -2.7998, 100.9025, -2.0503, 100.1420, -0.6503, 99.2637, 0.1831, 98.9700, 1.0429, 98.6014, 1.8235, 97.6996, 2.4532, 97.1769, 3.3088, 96.4240, 3.8689, 95.3809, 4.9708, 95.2930, 5.4798, 95.9369, 5.4395, 97.4849, 5.2463, 98.3692, 4.2684, 99.1426, 3.5903, 99.6940, 3.1743, 100.6414, 2.0994, 101.6580, 2.0837, 102.4983, 1.3987, 103.0768, 0.5614, 103.8384, 0.1045, 103.4376, -0.7119, 104.0108, -1.0592, 104.3700, -1.0848
120.8339, 12.7045, 120.3234, 13.4664, 121.1801, 13.4297, 121.5274, 13.0696, 121.2622, 12.2056, 120.8339, 12.7045
122.5861, 9.9810, 122.8371, 10.2612, 122.9474, 10.8819, 123.4988, 10.9406, 123.3378, 10.2674, 124.0779, 11.2327, 123.9824, 10.2788, 123.6231, 9.9501, 123.3099, 9.3183, 122.9958, 9.0222, 122.3801, 9.7134, 122.5861, 9.9810
126.3768, 8.4147, 126.4785, 7.7504, 126.5374, 7.1894, 126.1968, 6.2743, 125.8314, 7.2937, 125.3639, 6.7865, 125.6832, 6.0497, 125.3965, 5.5810, 124.2198, 6.1614, 123.9387, 6.8851, 124.2437, 7.3606, 123.6102, 7.8335, 123.2961, 7.4189, 122.8255, 7.4574, 122.0855, 6.8994, 121.9199, 7.1921, 122.3124, 8.0350, 122.9424, 8.3162, 123.4877, 8.6930, 123.8412, 8.2403, 124.6015, 8.5142, 124.7646, 8.9604, 125.4714, 8.9870, 125.4121, 9.7603, 126.2227, 9.2861, 126.3066, 8.7825, 126.3768, 8.4147
109.4752, 18.1977, 108.6552, 18.5077, 108.6262, 19.3679, 109.1191, 19.8210, 110.2116, 20.1013, 110.7866, 20.0775, 111.0101, 19.6959, 110.5706, 19.2559, 110.3392, 18.6784, 109.4752, 18.1977
121.7778, 24.3943, 121.1756, 22.7909, 120.7471, 21.9706, 120.2201, 22.8149, 120.1062, 23.5563, 120.6947, 24.5385, 121.4950, 25.2955, 121.9512, 24.9976, 121.7778, 24.3943
141.8846, 39.1809, 140.9595, 38.1740, 140.9763, 37.1421, 140.5998, 36.3440, 140.7741, 35.8429, 140.2533, 35.1381, 138.9755, 34.6676, 137.2176, 34.6063, 135.7930, 33.4648, 135.1210, 33.8491, 135.0794, 34.5965, 133.3403, 34.3759, 132.1568, 33.9049, 130.9861, 33.8858, 132.0000, 33.1500, 131.3328, 31.4504, 130.6863, 31.0296, 130.2024, 31.4182, 130.4477, 32.3195, 129.8147, 32.6103, 129.4084, 33.2961, 130.3539, 33.6042, 130.8785, 34.2327, 131.8842, 34.7497, 132.6177, 35.4334, 134.6083, 35.7316, 135.6775, 35.5271, 136.7238, 37.3050, 137.3906, 36.8274, 138.8576, 37.8275, 139.4264, 38.2160, 140.0548, 39.4388, 139.8834, 40.5633, 140.3058, 41.1950, 141.3690, 41.3786, 141.9143, 39.9916, 141.8846, 39.1809
144.6134, 43.9609, 145.3208, 44.3847, 145.5431, 43.2621, 144.0597, 42.9884, 143.1838, 41.9952, 141.6115, 42.6788, 141.0673, 41.5846, 139.9551, 41.5696, 139.8175, 42.5638, 140.3121, 43.3333, 141.3805, 43.3888, 141.6720, 44.7721, 141.9676, 45.5515, 143.1429, 44.5104, 143.9102, 44.1741, 144.6134, 43.9609
8.7100, 40.9000, 9.2100, 41.2100, 9.8100, 40.5000, 9.6695, 39.1774, 9.2148, 39.2405, 8.8069, 38.9066, 8.4283, 39.1718, 8.3883, 40.3783, 8.1600, 40.9500, 8.7100, 40.9000
8.7460, 42.6281, 9.3900, 43.0100, 9.5600, 42.1525, 9.2298, 41.3800, 8.7757, 41.5836, 8.5442, 42.2565, 8.7460, 42.6281
12.3709, 56.1114, 12.6900, 55.6100, 12.0900, 54.8000, 11.0435, 55.3649, 10.9039, 55.7800, 12.3709, 56.1114
-4.2115, 58.5508, -3.0050, 58.6350, -4.0738, 57.5530, -3.0550, 57.6900, -1.9593, 57.6848, -2.2200, 56.8700, -3.1190, 55.9738, -2.0850, 55.9100, -1.1150, 54.6250, -0.4305, 54.4644, 0.1850, 53.3250, 0.4700, 52.9300, 1.6815, 52.7395, 1.5600, 52.1000, 1.0506, 51.8068, 1.4499, 51.2894, 0.5503, 50.7657, -0.7875, 50.7750, -2.4900, 50.5000, -2.9563, 50.6969, -3.6174, 50.2284, -4.5425, 50.3418, -5.2450, 49.9600, -5.7766, 50.1597, -4.3100, 51.2100, -3.4149, 51.4260, -4.9844, 51.5935, -5.2673, 51.9914, -4.2223, 52.3014, -4.7700, 52.8400, -4.5800, 53.4950, -3.0921, 53.4044, -2.9450, 53.9850, -3.6300, 54.6150, -4.8442, 54.7910, -5.0825, 55.0616, -4.7191, 55.5085, -5.0480, 55.7840, -5.5864, 55.3111, -5.6450, 56.2750, -6.1500, 56.7850, -5.7868, 57.8188, -5.0100, 58.6300, -4.2115, 58.5508
-14.5087, 66.4559, -14.7396, 65.8087, -13.6097, 65.1267, -14.9098, 64.3641, -17.7944, 63.6787, -18.6562, 63.4964, -19.9728, 63.6436, -22.7630, 63.9602, -21.7785, 64.4021, -23.9550, 64.8911, -22.1844, 65.0850, -22.2274, 65.3786, -24.3262, 65.6112, -23.6505, 66.2625, -22.1349, 66.4105, -20.5763, 65.7321, -19.0568, 66.2766, -17.7986, 65.9939, -16.1678, 66.5268, -14.5087, 66.4559
142.9146, 53.7046, 143.2608, 52.7408, 143.2353, 51.7567, 143.6480, 50.7476, 144.6541, 48.9764, 143.1739, 49.3066, 142.5587, 47.8616, 143.5335, 46.8367, 143.5053, 46.1379, 142.7477, 46.7408, 142.0920, 45.9668, 141.9069, 46.8059, 142.0184, 47.7801, 141.9044, 48.8592, 142.1358, 49.6152, 142.1800, 50.9523, 141.5941, 51.9354, 141.6825, 53.3020, 142.6069, 53.7621, 142.2097, 54.2255, 142.6548, 54.3659, 142.9146, 53.7046
118.5046, 9.3164, 117.1743, 8.3675, 117.6645, 9.0669, 118.3869, 9.6845, 118.9873, 10.3763, 119.5115, 11.3697, 119.6897, 10.5543, 119.0295, 10.0037, 118.5046, 9.3164
122.3370, 18.2249, 122.1743, 17.8103, 122.5157, 17.0935, 122.2523, 16.2624, 121.6628, 15.9310, 121.5050, 15.1248, 121.7288, 14.3284, 122.2589, 14.2182, 122.7013, 14.3365, 123.9503, 13.7821, 123.8551, 13.2378, 124.1813, 12.9975, 124.0774, 12.5367, 123.2980, 13.0275, 122.9287, 13.5529, 122.6714, 13.1858, 122.0346, 13.7845, 121.1264, 13.6367, 120.6286, 13.8577, 120.6794, 14.2710, 120.9918, 14.5254, 120.6933, 14.7567, 120.5641, 14.3963, 120.0704, 14.9709, 119.9209, 15.4063, 119.8838, 16.3637, 120.2864, 16.0346, 120.3900, 17.5991, 120.7159, 18.5052, 121.3213, 18.5041, 121.9376, 18.2186, 122.2460, 18.4790, 122.3370, 18.2249
122.0384, 11.4158, 121.8835, 11.8918, 122.4838, 11.5822, 123.1202, 11.5837, 123.1008, 11.1659, 122.6377, 10.7413, 122.0026, 10.4410, 121.9674, 10.9057, 122.0384, 11.4158
125.5026, 12.1627, 125.7834, 11.0461, 125.0119, 11.3115, 125.0328, 10.9758, 125.2774, 10.3587, 124.8018, 10.1347, 124.7602, 10.8380, 124.4591, 10.8899, 124.3025, 11.4954, 124.8910, 11.4156, 124.8780, 11.7942, 124.2668, 12.5578, 125.2271, 12.5357, 125.5026, 12.1627
-77.3534, 8.6705, -76.8367, 8.6387, -76.0864, 9.3368, -75.6746, 9.4432, -75.6647, 9.7740, -75.4804, 10.6190, -74.9069, 11.0830, -74.2768, 11.1020, -74.1972, 11.3105, -73.4148, 11.2270, -72.6278, 11.7320, -72.2382, 11.9555, -71.7541, 12.4373, -71.3998, 12.3760, -71.1375, 12.1130, -71.3316, 11.7763, -71.3600, 11.5400, -71.9470, 11.4233, -71.6209, 10.9695, -71.6331, 10.4465, -72.0742, 9.8657, -71.6956, 9.0723, -71.2646, 9.1372, -71.0400, 9.8600, -71.3501, 10.2119, -71.4006, 10.9690, -70.1553, 11.3755, -70.2938, 11.8468, -69.9432, 12.1623, -69.5843, 11.4596, -68.8830, 11.4434, -68.2333, 10.8857, -68.1941, 10.5547, -67.2962, 10.5459, -66.2279, 10.6486, -65.6552, 10.2008, -64.8905, 10.0772, -64.3295, 10.3896, -64.3180, 10.6414, -63.0793, 10.7017, -61.8809, 10.7156, -62.7301, 10.4203, -62.3885, 9.9482, -61.5888, 9.8731, -60.8306, 9.3813, -60.6713, 8.5802, -60.1501, 8.6028, -59.7583, 8.3670, -59.1017, 7.9992, -58.4830, 7.3477, -58.4549, 6.8328, -58.0781, 6.8091, -57.5422, 6.3213, -57.1474, 5.9731, -55.9493, 5.7729, -55.8418, 5.9531, -55.0333, 6.0253, -53.9580, 5.7565, -53.6185, 5.6465, -52.8821, 5.4099, -51.8233, 4.5658, -51.6578, 4.1562, -51.3000, 4.1200, -51.0698, 3.6504, -50.5089, 1.9016, -49.9741, 1.7365, -49.9471, 1.0462, -50.6993, 0.2230, -50.3882, -0.0784, -48.6206, -0.2355, -48.5845, -1.2378, -47.8250, -0.5816, -46.5666, -0.9410, -44.9057, -1.5517, -44.4176, -2.1378, -44.5816, -2.6913, -43.4188, -2.3831, -41.4727, -2.9120, -39.9787, -2.8731, -38.5004, -3.7007, -37.2233, -4.8209, -36.4529, -5.1094, -35.5978, -5.1495, -35.2354, -5.4649, -34.8960, -6.7382, -34.7300, -7.3432, -35.1282, -8.9964, -35.6370, -9.6493, -37.0465, -11.0407, -37.6836, -12.1712, -38.4239, -13.0381, -38.6739, -13.0577, -38.9533, -13.7934, -38.8823, -15.6671, -39.1611, -17.2084, -39.2673, -17.8677, -39.5835, -18.2623, -39.7608, -19.5991, -40.7747, -20.9045, -40.9448, -21.9373, -41.7542, -22.3707, -41.9883, -22.9701, -43.0747, -22.9677, -44.6478, -23.3520, -45.3521, -23.7968, -46.4721, -24.0890, -47.6490, -24.8852, -48.4955, -25.8770, -48.6410, -26.6236, -48.4747, -27.1759, -48.6615, -28.1861, -48.8885, -28.6741, -49.5873, -29.2245, -50.6969, -30.9845, -51.5762, -31.7777, -52.2561, -32.2454, -52.7121, -33.1966, -53.3737, -33.7684, -53.8064, -34.3968, -54.9359, -34.9526, -55.6741, -34.7527, -56.2153, -34.8598, -57.1397, -34.4305, -57.8179, -34.4625, -58.4271, -33.9095, -58.4954, -34.4315, -57.2258, -35.2880, -57.3624, -35.9774, -56.7375, -36.4131, -56.7883, -36.9016, -57.7492, -38.1839, -59.2319, -38.7202, -61.2374, -38.9284, -62.3360, -38.8277, -62.1258, -39.4241, -62.3305, -40.1726, -62.1460, -40.6769, -62.7458, -41.0288, -63.7705, -41.1668, -64.7321, -40.8027, -65.1180, -41.0643, -64.9786, -42.0580, -64.3034, -42.3590, -63.7559, -42.0437, -63.4581, -42.5631, -64.3788, -42.8736, -65.1818, -43.4954, -65.3288, -44.5014, -65.5653, -45.0368, -66.5100, -45.0396, -67.2938, -45.5519, -67.5805, -46.3018, -66.5971, -47.0339, -65.6410, -47.2361, -65.9851, -48.1333, -67.1662, -48.6973, -67.8161, -49.8697, -68.7287, -50.2642, -69.1385, -50.7325, -68.8156, -51.7711, -68.1500, -52.3500, -68.5715, -52.2994, -69.4613, -52.2919, -69.9428, -52.5379, -70.8451, -52.8992, -71.0063, -53.8333, -71.4298, -53.8565, -72.5579, -53.5314, -73.7028, -52.8351, -74.9468, -52.2628
-77.8816, 7.2238, -77.4767, 6.6911, -77.3188, 5.8454, -77.5332, 5.5828, -77.3076, 4.6680, -77.4963, 4.0876, -77.1277, 3.8496, -77.5104, 3.3250, -77.9315, 2.6966, -78.4276, 2.6296, -78.6621, 2.2674, -78.6178, 1.7664, -78.9909, 1.6914, -78.8553, 1.3809, -79.5428, 0.9829, -80.0906, 0.7684, -80.0209, 0.3603, -80.3993, -0.2837, -80.5834, -0.9067, -80.9337, -1.0575, -80.7648, -1.9650, -80.9678, -2.2469, -80.3688, -2.6852, -79.9866, -2.2208, -79.7703, -2.6575, -80.3026, -3.4049, -81.0997, -4.0364, -81.4109, -4.7368, -80.9263, -5.6906, -81.2500, -6.1368, -80.5375, -6.5417, -79.7606, -7.1943, -79.4459, -7.9308, -79.0370, -8.3866, -78.0922, -10.3777, -77.1062, -12.2227, -76.2592, -13.5350, -76.4235, -13.8232, -76.0092, -14.6493, -75.2379, -15.2657, -73.4445, -16.3594, -71.4620, -17.3635, -71.3753, -17.7737, -70.3726, -18.3480, -70.1644, -19.7565, -70.0912, -21.3933, -70.4040, -23.6290, -70.7250, -25.7059, -70.9051, -27.6404, -71.4899, -28.8614, -71.3701, -30.0957, -71.6687, -30.9206, -71.4385, -32.4189, -71.8617, -33.9091, -72.5531, -35.5088, -73.1667, -37.1238, -73.5881, -37.1563, -73.5056, -38.2829, -73.2176, -39.2587, -73.6771, -39.9422, -74.0180, -41.7948, -74.3319, -43.2250, -73.7013, -43.3658, -73.3889, -42.1175, -72.7178, -42.3834, -73.2404, -44.4550, -74.3517, -44.1030, -74.6922, -45.7640, -75.6444, -46.6476, -74.1266, -46.9393, -75.1828, -47.7119, -75.6080, -48.6738, -75.4798, -50.3784, -74.9766, -51.0434, -75.2600, -51.6294, -74.9468, -52.2628
-74.6625, -52.8375, -73.8381, -53.0474, -72.4342, -53.7154, -71.1077, -54.0743, -70.5918, -53.6158, -70.2675, -52.9312, -69.3457, -52.5183, -68.6341, -52.6363, -68.2500, -53.1000, -67.7500, -53.8500, -66.4500, -54.4500, -65.0500, -54.7000, -65.5000, -55.2000, -66.4500, -55.2500, -66.9599, -54.8968, -67.2910, -55.3012, -68.1486, -55.6119, -68.6400, -55.5800, -69.2321, -55.4990, -69.9581, -55.1984, -71.0057, -55.0538, -72.2639, -54.4951, -73.2852, -53.9575, -74.6625, -52.8375
44.8470, 80.5898, 46.7991, 80.7719, 48.3185, 80.7840, 48.5228, 80.5146, 49.0972, 80.7540, 50.0398, 80.9189, 51.5229, 80.6997, 51.1362, 80.5473, 49.7937, 80.4154, 48.8944, 80.3396, 48.7549, 80.1755, 47.5861, 80.0102, 46.5028, 80.2472, 47.0725, 80.5594, 44.8470, 80.5898
53.5083, 73.7498, 55.9025, 74.6275, 55.6319, 75.0814, 57.8686, 75.6094, 61.1700, 76.2519, 64.4984, 76.4391, 66.2109, 76.8098, 68.1571, 76.9397, 68.8522, 76.5448, 68.1806, 76.2336, 64.6373, 75.7378, 61.5835, 75.2609, 58.4771, 74.3091, 56.9868, 73.3330, 55.4193, 72.3713, 55.6228, 71.5406, 57.5357, 70.7205, 56.9450, 70.6327, 53.6774, 70.7627, 53.4120, 71.2067, 51.6019, 71.4748, 51.4558, 72.0149, 52.4783, 72.2294, 52.4442, 72.7747, 54.4276, 73.6275, 53.5083, 73.7498
27.4075, 80.0564, 25.9247, 79.5178, 23.0245, 79.4000, 20.0752, 79.5668, 19.8973, 79.8424, 18.4623, 79.8599, 17.3680, 80.3189, 20.4560, 80.5982, 21.9079, 80.3577, 22.9193, 80.6571, 25.4476, 80.4073, 27.4075, 80.0564
24.7241, 77.8539, 22.4903, 77.4449, 20.7260, 77.6770, 21.4161, 77.9350, 20.8119, 78.2546, 22.8843, 78.4550, 23.2813, 78.0795, 24.7241, 77.8539
15.1428, 79.6743, 15.5225, 80.0161, 16.9908, 80.0509, 18.2518, 79.7018, 21.5438, 78.9561, 19.0274, 78.5626, 18.4717, 77.8267, 17.5944, 77.6379, 17.1182, 76.8094, 15.9132, 76.7705, 13.7626, 77.3803, 14.6696, 77.7357, 13.1706, 78.0249, 11.2223, 78.8693, 10.4446, 79.6524, 13.1708, 80.0105, 13.7185, 79.6604, 15.1428, 79.6743
-77.8816, 7.2238, -78.2149, 7.5123, -78.4292, 8.0520, -78.1821, 8.3192, -78.4355, 8.3877, -78.6221, 8.7181, -79.1203, 8.9961, -79.5579, 8.9324, -79.7606, 8.5845, -80.1645, 8.3333, -80.3827, 8.2984, -80.4807, 8.0903, -80.0037, 7.5475, -80.2767, 7.4198, -80.4212, 7.2716, -80.8864, 7.2205, -81.0595, 7.8179, -81.1897, 7.6479, -81.5195, 7.7066, -81.7213, 8.1090, -82.1314, 8.1754, -82.3909, 8.2924, -82.6055, 8.2916, -82.8201, 8.2909, -82.8510, 8.0738, -82.9658, 8.2251, -83.5084, 8.4469, -83.7115, 8.6568, -83.5963, 8.8304, -83.6326, 9.0514, -83.9099, 9.2908, -84.3034, 9.4874, -84.6476, 9.6155, -84.7134, 9.9081, -84.9757, 10.0867, -84.9114, 9.7960, -85.1109, 9.5570, -85.3395, 9.8345, -85.6608, 9.9333, -85.7974, 10.1349, -85.7917, 10.4393, -85.6593, 10.7543, -85.8005, 10.8248, -85.9417, 10.8953, -85.7125, 11.0884, -86.0585, 11.4034, -86.5258, 11.8069, -86.7460, 12.1440, -87.1675, 12.4583, -87.6685, 12.9099, -87.5575, 13.0646, -87.3924, 12.9140, -87.3167, 12.9847, -87.4894, 13.2975, -87.6413, 13.3410, -87.7931, 13.3845, -87.9041, 13.1490, -88.4833, 13.1640, -88.8432, 13.2598, -89.2567, 13.4585, -89.8124, 13.5206, -90.0956, 13.7353, -90.6086, 13.9098, -91.2324, 13.9278, -91.6897, 14.1262, -92.2278, 14.5388, -93.3595, 15.6154, -93.8752, 15.9402, -94.6917, 16.2010, -95.2502, 16.1283, -96.0534, 15.7521, -96.5574, 15.6535, -97.2636, 15.9171, -98.0130, 16.1073, -98.9477, 16.5660, -99.6974, 16.7062, -100.8295, 17.1711, -101.6661, 17.6490, -101.9185, 17.9161, -102.4781, 17.9758, -103.5010, 18.2923, -103.9175, 18.7486, -104.9920, 19.3161, -105.4930, 19.9468, -105.7314, 20.4341, -105.3978, 20.5317, -105.5007, 20.8169, -105.2708, 21.0763, -105.2658, 21.4221, -105.6032, 21.8711, -105.6934, 22.2691, -106.0287, 22.7738, -106.9100, 23.7678, -107.9154, 24.5489, -108.4019, 25.1723, -109.2602, 25.5806, -109.4441, 25.8249, -109.2916, 26.4429, -109.8015, 26.6762, -110.3917, 27.1621, -110.6410, 27.8599, -111.1789, 27.9412, -111.7596, 28.4680, -112.2282, 28.9544, -112.2718, 29.2668, -112.8096, 30.0211, -113.1638, 30.7869, -113.1487, 31.1710, -113.8719, 31.5676, -114.2057, 31.5240, -114.7765, 31.7995, -114.9367, 31.3935, -114.7712, 30.9136, -114.6739, 30.1627, -114.3310, 29.7504, -113.5889, 29.0616, -113.4241, 28.8262, -113.2720, 28.7548, -113.1400, 28.4113, -112.9623, 28.4252, -112.7616, 27.7802, -112.4579, 27.5258, -112.2450, 27.1718, -111.6165, 26.6628, -111.2847, 25.7326, -110.9878, 25.2946, -110.7100, 24.8260, -110.6550, 24.2986, -110.1729, 24.2655, -109.7718, 23.8112, -109.4091, 23.3647, -109.4334, 23.1856, -109.8542, 22.8183, -110.0314, 22.8231, -110.2951, 23.4310, -110.9495, 24.0010, -111.6706, 24.4844, -112.1820, 24.7384, -112.1490, 25.4701, -112.3007, 26.0120, -112.7773, 26.3220, -113.4647, 26.7682, -113.5967, 26.6395, -113.8489, 26.9001, -114.4657, 27.1421, -115.0551, 27.7227, -114.9823, 27.7982, -114.5704, 27.7415, -114.1993, 28.1150, -114.1620, 28.5661, -114.9318, 29.2795, -115.5187, 29.5564, -115.8874, 30.1808, -116.2584, 30.8365, -116.7215, 31.6357, -117.1278, 32.5353, -117.2959, 33.0462, -117.9440, 33.6212, -118.4106, 33.7409, -118.5199, 34.0278, -119.0810, 34.0780, -119.4388, 34.3485, -120.3678, 34.4471, -120.6229, 34.6086, -120.7443, 35.1569, -121.7146, 36.1615, -122.5475, 37.5518, -122.5120, 37.7834, -122.9532, 38.1137, -123.7272, 38.9517, -123.8652, 39.7670, -124.3981, 40.3132, -124.1788, 41.1420, -124.2137, 41.9996, -124.5328, 42.7660, -124.1421, 43.7084, -124.0205, 44.6159, -123.8989, 45.5234, -124.0796, 46.8648, -124.3957, 47.7202, -124.6872, 48.1844, -124.5661, 48.3797, -123.1200, 48.0400, -122.5874, 47.0960, -122.3400, 47.3600, -122.5000, 48.1800, -122.8400, 49.0000, -122.9742, 49.0025, -124.9103, 49.9846, -125.6246, 50.4166, -127.4356, 50.8306, -127.9928, 51.7158, -127.8503, 52.3296, -129.1298, 52.7554, -129.3052, 53.5616, -130.5150, 54.2876, -130.5361, 54.8028, -131.0858, 55.1789, -131.9672, 55.4978, -132.2500, 56.3700, -133.5392, 57.1789, -134.0781, 58.1231, -135.0382, 58.1877, -136.6281, 58.2122, -137.8000, 58.5000, -139.8678, 59.5378, -140.8253, 59.7275, -142.5744, 60.0844, -143.9589, 59.9992, -145.9256, 60.4586, -147.1144, 60.8847, -148.2243, 60.6730, -148.0181, 59.9783, -148.5708, 59.9142, -149.7279, 59.7057, -150.6082, 59.3682, -151.7164, 59.1558, -151.8594, 59.7450, -151.4097, 60.7258, -150.3469, 61.0336, -150.6211, 61.2845, -151.8958, 60.7272, -152.5783, 60.0617, -154.0192, 59.3503, -153.2875, 58.8647, -154.2325, 58.1464, -155.3075, 57.7278, -156.3083, 57.4228, -156.5561, 56.9800, -158.1172, 56.4636, -158.4333, 55.9942, -159.6033, 55.5667, -160.2897, 55.6436, -161.2230, 55.3647, -162.2378, 55.0242, -163.0694, 54.6897, -164.7856, 54.4042, -164.9422, 54.5722, -163.8483, 55.0394, -162.8700, 55.3480, -161.8042, 55.8950, -160.5636, 56.0081, -160.0706, 56.4181, -158.6844, 57.0167, -158.4611, 57.2169, -157.7228, 57.5700, -157.5503, 58.3283, -157.0417, 58.9189, -158.1947, 58.6158, -158.5172, 58.7878, -159.0586, 58.4242, -159.7117, 58.9314, -159.9813, 58.5725, -160.3553, 59.0711, -161.3550, 58.6708, -161.9689, 58.6717, -162.0550, 59.2670, -161.8742, 59.6336, -162.5181, 59.9897, -163.8183, 59.7981, -164.6622, 60.2675, -165.3464, 60.5075, -165.3508, 61.0739, -166.1214, 61.5000, -165.7345, 62.0750, -164.9192, 62.6331, -164.5625, 63.1464, -163.7533, 63.2194, -163.0672, 63.0595, -162.2606, 63.5420, -161.5344, 63.4558, -160.7725, 63.7661, -160.9583, 64.2228, -161.5181, 64.4028, -160.7778, 64.7886, -161.3919, 64.7772, -162.4531, 64.5594, -162.7578, 64.3386, -163.5464, 64.5592, -164.9608, 64.4469, -166.4253, 64.6867, -166.8450, 65.0889, -168.1106, 65.6700, -166.7053, 66.0883, -164.4747, 66.5767, -163.6525, 66.5767, -163.7886, 66.0772, -161.6778, 66.1161, -162.4897, 66.7356, -163.7197, 67.1164, -164.4310, 67.6163, -165.3903, 68.0428, -166.7644, 68.3589, -166.2047, 68.8830, -164.4308, 68.9155, -163.1686, 69.3711, -162.9306, 69.8581, -161.9089, 70.3333, -160.9348, 70.4477, -159.0392, 70.8916, -158.1197, 70.8247, -156.5808, 71.3578, -155.0678, 71.1478, -154.3442, 70.6964, -153.9000, 70.8900, -152.2100, 70.8300, -152.2700, 70.6000, -150.7400, 70.4300, -149.7200, 70.5300, -147.6134, 70.2140, -145.6900, 70.1200, -144.9200, 69.9900, -143.5894, 70.1525, -142.0725, 69.8520, -140.9860, 69.7120, -139.1205, 69.4710, -137.5464, 68.9900, -136.5036, 68.8980, -135.6257, 69.3151, -134.4146, 69.6274, -132.9292, 69.5053, -131.4314, 69.9445, -129.7947, 70.1937, -129.1077, 69.7793, -128.3616, 70.0129, -128.1382, 70.4838, -127.4471, 70.3772, -125.7563, 69.4806, -124.4248, 70.1584, -124.2897, 69.3997, -123.0611, 69.5637, -122.6835, 69.8555, -121.4723, 69.7978, -119.9429, 69.3779, -117.6027, 69.0113, -116.2264, 68.8415, -115.2469, 68.9059, -113.8980, 68.3989, -115.3049, 67.9026, -113.4973, 67.6882, -110.7980, 67.8061, -109.9462, 67.9810, -108.8802, 67.3814, -107.7924, 67.8873, -108.8130, 68.3116, -108.1672, 68.6539, -106.9500, 68.7000, -106.1500, 68.8000, -105.3428, 68.5612, -104.3379, 68.0180, -103.2212, 68.0978, -101.4543, 67.6469, -99.9020, 67.8056, -98.4432, 67.7817, -98.5586, 68.4039, -97.6695, 68.5787, -96.1199, 68.2394, -96.1259, 67.2934, -95.4894, 68.0907, -94.6850, 68.0638, -94.2328, 69.0690, -95.3041, 69.6857, -96.4713, 70.0898, -96.3911, 71.1948, -95.2088, 71.9205, -93.8900, 71.7602, -92.8782, 71.3187, -91.5197, 70.1913, -92.4069, 69.7000, -90.5471, 69.4977, -90.5515, 68.4750, -89.2151, 69.2587, -88.0197, 68.6151, -88.3175, 67.8734, -87.3502, 67.1987, -86.3061, 67.9215, -85.5766, 68.7846, -85.5220, 69.8821, -84.1008, 69.8054, -82.6226, 69.6583, -81.2804, 69.1620, -81.2202, 68.6657, -81.9644, 68.1325, -81.2593, 67.5972, -81.3865, 67.1108, -83.3446, 66.4116, -84.7354, 66.2573, -85.7694, 66.5583, -86.0676, 66.0563, -87.0314, 65.2130, -87.3232, 64.7756, -88.4830, 64.0990, -89.9144, 64.0327, -90.7040, 63.6102, -90.7700, 62.9602, -91.9334, 62.8351, -93.1570, 62.0247, -94.2415, 60.8987, -94.6293, 60.1102, -94.6846, 58.9488, -93.2150, 58.7821, -92.7646, 57.8457, -92.2970, 57.0871, -90.8977, 57.2847, -89.0395, 56.8517, -88.0398, 56.4716, -87.3242, 55.9991, -86.0712, 55.7238, -85.0118, 55.3026, -83.3605, 55.2449, -82.2729, 55.1483, -82.4362, 54.2823, -82.1250, 53.2770, -81.4007, 52.1579, -79.9129, 51.2084, -79.1430, 51.5339, -78.6019, 52.5621, -79.1242, 54.1415, -79.8296, 54.6677, -78.2287, 55.1365, -77.0956, 55.8374, -76.5414, 56.5342, -76.6232, 57.2026, -77.3023, 58.0521, -78.5169, 58.8046, -77.3367, 59.8526, -77.7727, 60.7579, -78.1069, 62.3197, -77.4107, 62.5505, -75.6962, 62.2784, -74.6682, 62.1811, -73.8399, 62.4438, -72.9085, 62.1051, -71.6771, 61.5254, -71.3737, 61.1372, -69.5904, 61.0614, -69.6203, 60.2212, -69.2879, 58.9574, -68.3746, 58.8011, -67.6498, 58.2121, -66.2018, 58.7673, -65.2452, 59.8707, -64.5835, 60.3356, -63.8048, 59.4426, -62.5024, 58.1671, -61.3966, 56.9674, -61.7987, 56.3395, -60.4685, 55.7755, -59.5696, 55.2041, -57.9751, 54.9455, -57.3332, 54.6265, -56.9369, 53.7803, -56.1581, 53.6475, -55.7563, 53.2704, -55.6834, 52.1466, -56.4092, 51.7707, -57.1269, 51.4197, -58.7748, 51.0643, -60.0331, 50.2428, -61.7237, 50.0805, -63.8625, 50.2910, -65.3633, 50.2982, -66.3990, 50.2290, -67.2363, 49.5116, -68.5111, 49.0684, -69.9536, 47.7449, -71.1046, 46.8217, -70.2552, 46.9861, -68.6500, 48.3000, -66.5524, 49.1331, -65.0563, 49.2328, -64.1710, 48.7425, -65.1155, 48.0709, -64.7985, 46.9930, -64.4722, 46.2385, -63.1733, 45.7390, -61.5207, 45.8838, -60.5181, 47.0079, -60.4486, 46.2827, -59.8029, 45.9204, -61.0399, 45.2652, -63.2547, 44.6701, -64.2466, 44.2655, -65.3641, 43.5452, -66.1234, 43.6187, -66.1617, 44.4651, -64.4255, 45.2920, -66.0260, 45.2593, -67.1374, 45.1375, -66.9647, 44.8097, -68.0325, 44.3252, -69.0600, 43.9800, -70.1162, 43.6840, -70.6455, 43.0902, -70.8149, 42.8653, -70.8250, 42.3350, -70.4950, 41.8050, -70.0800, 41.7800, -70.1850, 42.1450, -69.8850, 41.9228, -69.9650, 41.6372, -70.6400, 41.4750, -71.1204, 41.4944, -71.8538, 41.3200, -72.2950, 41.2700, -72.8764, 41.2206, -73.7100, 40.9311, -72.2412, 41.1195, -71.9450, 40.9300, -73.3450, 40.6300, -73.9820, 40.6280, -73.9523, 40.7507, -74.2567, 40.4735, -73.9624, 40.4276, -74.1784, 39.7093, -74.9060, 38.9395, -74.9804, 39.1964, -75.2000, 39.2485, -75.5280, 39.4985, -75.3200, 38.9600, -75.0718, 38.7820, -75.0567, 38.4041, -75.3775, 38.0155, -75.9402, 37.2169, -76.0313, 37.2566, -75.7220, 37.9370, -76.2329, 38.3192, -76.3500, 39.1500, -76.5427, 38.7176, -76.3293, 38.0833, -76.9900, 38.2400, -76.3016, 37.9179, -76.2587, 36.9664, -75.9718, 36.8973, -75.8681, 36.5513, -75.7275, 35.5508, -76.3632, 34.8085, -77.3976, 34.5120, -78.0550, 33.9255, -78.5543, 33.8613, -79.0607, 33.4939, -79.2036, 33.1584, -80.3013, 32.5094, -80.8650, 32.0333, -81.3363, 31.4405, -81.4904, 30.7300, -81.3137, 30.0355, -80.9800, 29.1800, -80.5356, 28.4721, -80.5300, 28.0400, -80.0565, 26.8800, -80.0880, 26.2058, -80.1316, 25.8168, -80.3810, 25.2062, -80.6800, 25.0800, -81.1721, 25.2013, -81.3300, 25.6400, -81.7100, 25.8700, -82.2400, 26.7300, -82.7052, 27.4950, -82.8553, 27.8862, -82.6500, 28.5500, -82.9300, 29.1000, -83.7096, 29.9366, -84.1000, 30.0900, -85.1088, 29.6362, -85.2878, 29.6861, -85.7731, 30.1526, -86.4000, 30.4000, -87.5304, 30.2743, -88.4178, 30.3849, -89.1805, 30.3160, -89.5938, 30.1600, -89.4137, 29.8942, -89.4300, 29.4886, -89.2177, 29.2911, -89.4082, 29.1596, -89.7793, 29.3071, -90.1546, 29.1174, -90.8802, 29.1485, -91.6268, 29.6770, -92.4991, 29.5523, -93.2264, 29.7838, -93.8484, 29.7136, -94.6900, 29.4800, -95.6003, 28.7386, -96.5940, 28.3075, -97.1400, 27.8300, -97.3700, 27.3800, -97.3800, 26.6900, -97.3300, 26.2100, -97.1400, 25.8700, -97.5281, 24.9921, -97.7029, 24.2723, -97.7760, 22.9326, -97.8724, 22.4442, -97.6990, 21.8987, -97.3890, 21.4110, -97.1893, 20.6354, -96.5256, 19.8909, -96.2921, 19.3204, -95.9009, 18.8280, -94.8391, 18.5627, -94.4257, 18.1444, -93.5487, 18.4238, -92.7861, 18.5248, -92.0373, 18.7046, -91.4079, 18.8761, -90.7719, 19.2841, -90.5336, 19.8674, -90.4515, 20.7075, -90.2786, 20.9999, -89.6013, 21.2617, -88.5439, 21.4937, -87.6584, 21.4588, -87.0519, 21.5435, -86.8120, 21.3315, -86.8459, 20.8499, -87.3833, 20.2554, -87.6211, 19.6466, -87.4368, 19.4724, -87.5866, 19.0401, -87.8372, 18.2598, -88.0907, 18.5166, -88.3000, 18.5000, -88.2963, 18.3533, -88.1068, 18.3487, -88.1235, 18.0767, -88.2854, 17.6441, -88.1979, 17.4895, -88.3026, 17.1317, -88.2395, 17.0361, -88.3554, 16.5308, -88.5518, 16.2655, -88.7324, 16.2337, -88.9306, 15.8873, -88.6046, 15.7064, -88.5184, 15.8554, -88.1900, 15.7200, -88.1212, 15.6887, -87.9018, 15.8645, -87.6157, 15.8788, -87.5229, 15.7973, -87.3678, 15.8469, -86.9032, 15.7567, -86.4409, 15.7828, -86.1192, 15.8934, -86.0020, 16.0054, -85.6833, 15.9537, -85.4440, 15.8857, -85.1824, 15.9092, -84.9837, 15.9959, -84.5270, 15.8572, -84.3683, 15.8352, -84.0631, 15.6482, -83.7740, 15.4241, -83.4104, 15.2709, -83.1472, 14.9958, -83.2332, 14.8999, -83.2842, 14.6766, -83.1821, 14.3107, -83.4125, 13.9701, -83.5198, 13.5677, -83.5522, 13.1271, -83.4985, 12.8693, -83.4733, 12.4191, -83.6261, 12.3209, -83.7196, 11.8931, -83.6509, 11.6290, -83.8555, 11.3733, -83.8089, 11.1030, -83.6556, 10.9388, -83.5900, 10.7850, -83.4023, 10.3954, -83.0157, 9.9930, -82.5462, 9.5662
-82.5462, 9.5662, -82.1871, 9.2074, -82.2076, 8.9956, -81.8086, 8.9506, -81.7142, 9.0320, -81.4393, 8.7862, -80.9473, 8.8585, -80.5219, 9.1111, -79.9146, 9.3128, -79.5733, 9.6116, -79.0212, 9.5529, -79.0585, 9.4546, -78.5009, 9.4205, -78.0559, 9.2477, -77.7295, 8.9468, -77.3534, 8.6705
-71.7124, 19.7145, -71.5873, 19.8849, -71.3800, 19.9050, -70.8067, 19.8803, -70.2144, 19.6229, -69.9508, 19.6480, -69.7693, 19.2933, -69.2221, 19.3132, -69.2543, 19.0152, -68.8094, 18.9791, -68.3179, 18.6122, -68.6893, 18.2051, -69.1649, 18.4226, -69.6240, 18.3807, -69.9529, 18.4283, -70.1332, 18.2459, -70.5171, 18.1843, -70.6693, 18.4269, -71.0000, 18.2833, -71.4002, 17.5986, -71.6577, 17.7576, -71.7083, 18.0450, -72.3725, 18.2150, -72.8444, 18.1456, -73.4546, 18.2179, -73.9224, 18.0310, -74.4580, 18.3425, -74.3699, 18.6649, -73.4495, 18.5261, -72.6949, 18.4458, -72.3349, 18.6684, -72.7916, 19.1016, -72.7841, 19.4836, -73.4150, 19.6396, -73.1898, 19.9157, -72.5797, 19.8715, -71.7124, 19.7145
14.7612, 38.1439, 15.5203, 38.2312, 15.1602, 37.4440, 15.3099, 37.1342, 15.1000, 36.6200, 14.3352, 36.9966, 13.8267, 37.1045, 12.4310, 37.6129, 12.5709, 38.1264, 13.7412, 38.0350, 14.7612, 38.1439
37.5391, 44.6572, 38.6800, 44.2800, 39.9550, 43.4350
132.3712, 33.4636, 132.9244, 34.0603, 133.4930, 33.9446, 133.9041, 34.3649, 134.6384, 34.1492, 134.7664, 33.8063, 134.2034, 33.2012, 133.7930, 33.5220, 133.2803, 33.2896, 133.0149, 32.7046, 132.3631, 32.9894, 132.3712, 33.4636
-16.2569, 19.0967, -16.3777, 19.5938, -16.2778, 20.0925, -16.5363, 20.5679, -17.0634, 20.9998, -17.0204, 21.4223, -16.9732, 21.8857, -16.5891, 22.1582, -16.2619, 22.6793, -16.3264, 23.0178, -15.9826, 23.7234, -15.4260, 24.3591, -15.0893, 24.5203, -14.8246, 25.1035, -14.8009, 25.6363, -14.4399, 26.2544, -13.7738, 26.6189, -13.1399, 27.6401, -12.6188, 28.0382, -11.6889, 28.1486, -10.9010, 28.8321, -10.3996, 29.0986, -9.5648, 29.9336, -9.8147, 31.1777, -9.4348, 32.0381, -9.3007, 32.5647, -8.6575, 33.2402, -7.6542, 33.6971, -6.9125, 34.1105, -6.2443, 35.1459, -5.9300, 35.7600, -5.1939, 35.7552, -4.5910, 35.3307, -3.6401, 35.3999, -2.6043, 35.1791, -2.1699, 35.1684, -1.2086, 35.7148, -0.1275, 35.8887, 0.5039, 36.3013, 1.4669, 36.6056, 3.1617, 36.7839, 4.8158, 36.8650, 5.3201, 36.7165, 6.2618, 37.1107, 7.3304, 37.1184, 7.7371, 36.8857, 8.4210, 36.9464, 9.5100, 37.3500, 10.2100, 37.2300, 10.1807, 36.7240, 11.0289, 37.0921, 11.1000, 36.9000, 10.6000, 36.4100, 10.5933, 35.9474, 10.9395, 35.6990, 10.8078, 34.8335, 10.1496, 34.3308, 10.3397, 33.7857, 10.8568, 33.7687, 11.1085, 33.2933, 11.4888, 33.1370, 12.6633, 32.7928, 13.0833, 32.8788, 13.9187, 32.7120, 15.2456, 32.2651, 15.7140, 31.3763, 16.6116, 31.1822, 18.0211, 30.7636, 19.0864, 30.2664, 19.5740, 30.5258, 20.0534, 30.9858, 19.8203, 31.7518, 20.1340, 32.2382, 20.8545, 32.7068, 21.5430, 32.8432, 22.8958, 32.6386, 23.2368, 32.1915, 23.6091, 32.1873, 23.9275, 32.0167, 24.9211, 31.8993, 25.1648, 31.5692, 26.4953, 31.5857, 27.4576, 31.3213, 28.4505, 31.0258, 28.9135, 30.8701, 29.6834, 31.1869, 30.0950, 31.4734, 30.9770, 31.5559, 31.6880, 31.4296, 31.9604, 30.9336, 32.1925, 31.2603, 32.9939, 31.0241, 33.7734, 30.9675, 34.2654, 31.2194, 34.5564, 31.5488, 34.4881, 31.6055, 34.7526, 32.0729, 34.9554, 32.8274, 35.0985, 33.0805, 35.1261, 33.0909, 35.4822, 33.9055, 35.9796, 34.6101, 35.9984, 34.6449, 35.9050, 35.4100, 36.1498, 35.8215, 35.7821, 36.2750, 36.1608, 36.6506, 35.5509, 36.5654, 34.7146, 36.7955, 34.0269, 36.2200, 32.5092, 36.1076, 31.6996, 36.6443, 30.6216, 36.6779, 30.3911, 36.2630, 29.7000, 36.1444, 28.7329, 36.6768, 27.6412, 36.6588, 27.0488, 37.6534, 26.3182, 38.2081, 26.8047, 38.9858, 26.1708, 39.4636, 27.2800, 40.4200, 28.8200, 40.4600, 29.2400, 41.2200, 31.1459, 41.0876, 32.3480, 41.7363, 33.5133, 42.0190, 35.1677, 42.0402, 36.9131, 41.3354, 38.3477, 40.9486, 39.5126, 41.1028, 40.3734, 41.0137, 41.5541, 41.5357, 41.7032, 41.9629, 41.4535, 42.6451, 40.8755, 43.0136, 40.3214, 43.1286, 39.9550, 43.4350, 38.6800, 44.2800, 37.5391, 44.6572, 36.6755, 45.2447, 37.4032, 45.4045, 38.2329, 46.2409, 37.6737, 46.6366, 39.1477, 47.0447, 39.1212, 47.2634, 38.2235, 47.1022, 37.4251, 47.0222, 36.7599, 46.6987, 35.8237, 46.6460, 34.9623, 46.2732, 35.0208, 45.6512, 35.5100, 45.4100, 36.5300, 45.4700, 36.3347, 45.1132, 35.2400, 44.9400, 33.8825, 44.3615, 33.3264, 44.5649, 33.5469, 45.0348, 32.4542, 45.3275, 32.6308, 45.5192, 33.5882, 45.8516, 33.2986, 46.0806, 31.7441, 46.3333, 31.6753, 46.7062, 30.7487, 46.5831, 30.3776, 46.0324, 29.6033, 45.2933, 29.6265, 45.0354, 29.1416, 44.8202, 28.8379, 44.9139, 28.5581, 43.7075, 28.0391, 43.2932, 27.6739, 42.5779, 27.9967, 42.0074, 28.1155, 41.6229, 28.9884, 41.2999, 28.8064, 41.0550, 27.6190, 40.9998, 27.1924, 40.6906, 26.3580, 40.1520, 26.0434, 40.6178, 26.0569, 40.8241, 25.4477, 40.8525, 24.9258, 40.9471, 23.7148, 40.6871, 24.4080, 40.1250, 23.9000, 39.9620, 23.3430, 39.9610, 22.8140, 40.4760, 22.6263, 40.2566, 22.8497, 39.6593, 23.3500, 39.1900, 22.9731, 38.9709, 23.5300, 38.5100, 24.0250, 38.2200, 24.0400, 37.6550, 23.1150, 37.9200, 23.4100, 37.4100, 22.7750, 37.3050, 23.1542, 36.4225, 22.4900, 36.4100, 21.6700, 36.8450, 21.2950, 37.6450, 21.1200, 38.3103, 20.7300, 38.7700, 20.2177, 39.3402, 20.1500, 39.6250, 19.9800, 39.6950, 19.9600, 39.9150, 19.4061, 40.2508, 19.3191, 40.7272, 19.4035, 41.4096, 19.5400, 41.7200, 19.3718, 41.8775, 19.1625, 41.9550, 18.8821, 42.2815, 18.4500, 42.4800, 17.5100, 42.8500, 16.9300, 43.2100, 16.0154, 43.5072, 15.1745, 44.2432, 15.3763, 44.3179, 14.9203, 44.7385, 14.9016, 45.0761, 14.2587, 45.2338, 13.9523, 44.8021, 13.6570, 45.1369, 13.6794, 45.4841, 13.7151, 45.5003, 13.9376, 45.5910, 13.1416, 45.7367, 12.3286, 45.3818, 12.3839, 44.8854, 12.2615, 44.6005, 12.5892, 44.0914, 13.5269, 43.5877, 14.0298, 42.7610, 15.1426, 41.9551, 15.9262, 41.9613, 16.1699, 41.7403, 15.8893, 41.5411, 16.7850, 41.1796, 17.5192, 40.8771, 18.3767, 40.3556, 18.4802, 40.1689, 18.2934, 39.8108, 17.7384, 40.2777, 16.8696, 40.4422, 16.4487, 39.7954, 17.1715, 39.4247, 17.0528, 38.9029, 16.6351, 38.8436, 16.1010, 37.9859, 15.6841, 37.9088, 15.6880, 38.2146, 15.8920, 38.7509, 16.1093, 38.9645, 15.7188, 39.5441, 15.4136, 40.0484, 14.9985, 40.1729, 14.7033, 40.6046, 14.0607, 40.7863, 13.6280, 41.1883, 12.8881, 41.2531, 12.1067, 41.7045, 11.1919, 42.3554, 10.5119, 42.9315, 10.2000, 43.9200, 9.7025, 44.0363, 8.8889, 44.3663, 8.4286, 44.2312, 7.8508, 43.7671, 7.4352, 43.6938, 6.5292, 43.1289, 4.5570, 43.3997, 3.1004, 43.0752, 2.9860, 42.4730, 3.0395, 41.8921, 2.0918, 41.2261, 0.8105, 41.0147, 0.7213, 40.6783, 0.1067, 40.1239, -0.2787, 39.3100, 0.1113, 38.7385, -0.4671, 38.2924, -0.6834, 37.6424, -1.4384, 37.4431, -2.1465, 36.6741, -3.4158, 36.6589, -4.3689, 36.6778, -4.9952, 36.3247, -5.3772, 35.9469, -5.8664, 36.0298, -6.2367, 36.3677, -6.5202, 36.9429, -7.4537, 37.0978, -7.8556, 36.8383, -8.3828, 36.9789, -8.8989, 36.8688, -8.7461, 37.6513, -8.8400, 38.2662, -9.2875, 38.3585, -9.5266, 38.7374, -9.4470, 39.3921, -9.0483, 39.7551, -8.9774, 40.1593, -8.7687, 40.7606, -8.7909, 41.1843, -8.9908, 41.5435, -9.0348, 41.8806, -8.9844, 42.5928, -9.3929, 43.0266, -7.9782, 43.7483, -6.7545, 43.5679, -5.4119, 43.5742, -4.3478, 43.4034, -3.5175, 43.4559, -1.9014, 43.4228, -1.3842, 44.0226, -1.1938, 46.0149, -2.2257, 47.0644, -2.9633, 47.5703, -4.4916, 47.9550, -4.5923, 48.6842, -3.2958, 48.9017, -1.6165, 48.6444, -1.9335, 49.7763, -0.9895, 49.3474, 1.3388, 50.1272, 1.6390, 50.9466, 2.5136, 51.1485, 3.3150, 51.3458, 3.8303, 51.6205, 4.7060, 53.0918, 6.0742, 53.5104, 6.9051, 53.4822, 7.1004, 53.6939, 7.9362, 53.7483, 8.1217, 53.5278, 8.8007, 54.0208, 8.5721, 54.3956, 8.5262, 54.9627, 8.1203, 55.5177, 8.0900, 56.5400, 8.2566, 56.8100, 8.5434, 57.1100, 9.4245, 57.1721, 9.7756, 57.4479, 10.5800, 57.7300, 10.5461, 57.2157, 10.2500, 56.8900, 10.3700, 56.6100, 10.9122, 56.4586, 10.6678, 56.0814, 10.3700, 56.1900, 9.6500, 55.4700, 9.9219, 54.9831, 9.9396, 54.5966, 10.9501, 54.3636, 10.9395, 54.0087, 11.9563, 54.1965, 12.5184, 54.4704, 13.6475, 54.0755, 14.1197, 53.7570, 14.8029, 54.0507, 16.3635, 54.5132, 17.6228, 54.8515, 18.6209, 54.6826, 18.6963, 54.4387, 19.6606, 54.4261, 19.8885, 54.8662, 21.2684, 55.1905, 21.0558, 56.0311, 21.0904, 56.7839, 21.5819, 57.4119, 22.5243, 57.7534, 23.3185, 57.0062, 24.1207, 57.0257, 24.3129, 57.7934, 24.4289, 58.3834, 24.0612, 58.2574, 23.4266, 58.6128, 23.3398, 59.1872, 24.6042, 59.4659, 25.8642, 59.6111, 26.9491, 59.4458, 27.9811, 59.4754, 29.1177, 60.0281, 28.0700, 60.5035, 26.2552, 60.4240, 24.4966, 60.0573, 22.8697, 59.8464, 22.2908, 60.3919, 21.3222, 60.7202, 21.5449, 61.7053, 21.0592, 62.6074, 21.5360, 63.1897, 22.4427, 63.8178, 24.7305, 64.9023, 25.3981, 65.1114, 25.2940, 65.5343, 23.9034, 66.0069, 22.1832, 65.7237, 21.2135, 65.0260, 21.3696, 64.4136, 19.7789, 63.6096, 17.8478, 62.7494, 17.1196, 61.3412, 17.8313, 60.6366, 18.7877, 60.0819, 17.8692, 58.9538, 16.8292, 58.7198, 16.4477, 57.0411, 15.8798, 56.1043, 14.6667, 56.2009, 14.1007, 55.4078, 12.9429, 55.3617, 12.6251, 56.3071, 11.7879, 57.4418, 11.0274, 58.8561, 10.3566, 59.4698, 8.3820, 58.3133, 7.0487, 58.0789, 5.6658, 58.5882, 5.3082, 59.6632, 4.9921, 61.9710, 5.9129, 62.6145, 8.5534, 63.4540, 10.5277, 64.4860, 12.3583, 65.8797, 14.7611, 67.8106, 16.4359, 68.5632, 19.1840, 69.8174, 21.3784, 70.2552, 23.0237, 70.2021, 24.5465, 71.0305, 26.3700, 70.9863, 28.1655, 71.1855, 31.2934, 70.4538, 30.0054, 70.1863, 31.1011, 69.5581, 32.1327, 69.9060, 33.7755, 69.3014, 36.5140, 69.0634, 40.2924, 67.9324, 41.0599, 67.4571, 41.1259, 66.7916, 40.0158, 66.2662, 38.3830, 65.9995, 33.9187, 66.7596, 33.1845, 66.6325, 34.8148, 65.9001, 34.8786, 65.4362, 34.9439, 64.4144, 36.2313, 64.1094, 37.0127, 63.8498, 37.1420, 64.3347, 36.5396, 64.7645, 37.1760, 65.1432, 39.5934, 64.5208, 40.4356, 64.7645, 39.7626, 65.4968, 42.0931, 66.4762, 43.0160, 66.4186, 43.9498, 66.0691, 44.5322, 66.7563, 43.6984, 67.3524, 44.1748, 67.9616, 43.4528, 68.5708, 46.2500, 68.2500, 46.8213, 67.6900, 45.5552, 67.5665, 45.5620, 67.0100, 46.3492, 66.6677, 47.8942, 66.8846, 48.1388, 67.5224, 53.7174, 68.8574, 54.4717, 68.8081, 53.4858, 68.2013, 54.7530, 68.0868, 55.4427, 68.4387, 57.3170, 68.4663, 58.8020, 68.8808, 59.9414, 68.2784, 61.0778, 68.9407, 60.0300, 69.5200, 60.5500, 69.8500, 63.5040, 69.5474, 64.8881, 69.2348, 68.5122, 68.0923, 69.1807, 68.6156, 68.1644, 69.1444, 68.1352, 69.3565, 66.9301, 69.4546, 67.2598, 69.9287, 66.7249, 70.7089, 66.6947, 71.0290, 68.5401, 71.9345, 69.1964, 72.8434, 69.9400, 73.0400, 72.5875, 72.7763, 72.7960, 72.2201, 71.8481, 71.4090, 72.4701, 71.0902, 72.7919, 70.3911, 72.5647, 69.0209, 73.6679, 68.4079, 73.2387, 67.7404, 71.2800, 66.3200, 72.4230, 66.1727, 72.8208, 66.5327, 73.9210, 66.7895, 74.1865, 67.2843, 75.0520, 67.7605, 74.4693, 68.3290, 74.9358, 68.9892, 73.8424, 69.0715, 73.6019, 69.6276, 74.3998, 70.6317, 73.1011, 71.4472, 74.8908, 72.1212, 74.6593, 72.8323, 75.1580, 72.8550, 75.6835, 72.3006, 75.2890, 71.3356, 76.3591, 71.1529, 75.9031, 71.8740, 77.5766, 72.2672, 79.6520, 72.3201, 81.5000, 71.7500, 80.6107, 72.5829, 80.5111, 73.6482, 82.2500, 73.8500, 84.6552, 73.8059, 86.8223, 73.9369, 86.0096, 74.4597, 87.1668, 75.1164, 88.3157, 75.1439, 90.2599, 75.6400, 92.9006, 75.7733, 93.2342, 76.0472, 95.8600, 76.1400, 96.6782, 75.9155, 98.9226, 76.4469, 100.7597, 76.4303, 101.0353, 76.8619, 101.9908, 77.2875, 104.3516, 77.6979, 106.0666, 77.3739, 104.7050, 77.1274, 106.9701, 76.9742, 107.2400, 76.4800, 108.1537, 76.7234, 111.0773, 76.7100, 113.3315, 76.2222, 114.1342, 75.8476, 113.8854, 75.3278, 112.7792, 75.0319, 110.1513, 74.4767, 109.4000, 74.1800, 110.6400, 74.0400, 112.1192, 73.7877, 113.0195, 73.9769, 113.5296, 73.3350, 113.9688, 73.5949, 115.5678, 73.7528, 118.7763, 73.5877, 119.0200, 73.1200, 123.2007, 72.9712, 123.2578, 73.7350, 125.3800, 73.5600, 126.9764, 73.5655, 128.5913, 73.0387, 129.0516, 72.3987, 128.4600, 71.9800, 129.7160, 71.1930, 131.2886, 70.7870, 132.2535, 71.8363, 133.8577, 71.3864, 135.5619, 71.6552, 137.4975, 71.3476, 138.2341, 71.6280, 139.8698, 71.4878, 139.1479, 72.4162, 140.4682, 72.8494, 149.5000, 72.2000, 150.3512, 71.6064, 152.9689, 70.8422, 157.0069, 71.0314, 158.9978, 70.8667, 159.8303, 70.4532, 159.7087, 69.7220, 160.9405, 69.4373, 162.2791, 69.6420, 164.0525, 69.6682, 165.9404, 69.4720, 167.8630, 69.5688, 169.5776, 68.6938, 170.8169, 69.0136, 170.0082, 69.6528, 170.4535, 70.0970, 173.6439, 69.8174, 175.7240, 69.8773, 178.6000, 69.4000, 180.0000, 68.9636
180.0000, 64.9797, 178.7072, 64.5349, 177.4113, 64.6082, 178.3130, 64.0759, 178.9083, 63.2520, 179.3703, 62.9826, 179.4864, 62.5689, 179.2283, 62.3041, 177.3643, 62.5219, 174.5693, 61.7692, 173.6801, 61.6526, 172.1500, 60.9500, 170.6985, 60.3362, 170.3308, 59.8818, 168.9004, 60.5736, 166.2950, 59.7886, 165.8400, 60.1600, 164.8767, 59.7316, 163.5393, 59.8687, 163.2171, 59.2110, 162.0173, 58.2433, 162.0530, 57.8391, 163.1919, 57.6150, 163.0579, 56.1592, 162.1263, 56.1159, 161.7015, 55.2857, 162.1175, 54.8551, 160.3687, 54.3443, 160.0217, 53.2026, 158.5309, 52.9587, 158.2312, 51.9427, 156.7898, 51.0110, 156.4200, 51.7000, 155.9919, 53.1590, 155.4336, 55.3810, 155.9144, 56.7679, 156.7582, 57.3647, 156.8104, 57.8320, 158.3643, 58.0558, 160.1507, 59.3148, 161.8720, 60.3430, 163.6697, 61.1409, 164.4736, 62.5506, 163.2584, 62.4663, 162.6579, 61.6425, 160.1215, 60.5442, 159.3023, 61.7740, 156.7207, 61.4344, 154.2181, 59.7582, 155.0437, 59.1450, 152.8118, 58.8839, 151.2657, 58.7809, 151.3382, 59.5040, 149.7837, 59.6557, 148.5448, 59.1645, 145.4872, 59.3364, 142.1978, 59.0400, 138.9585, 57.0880, 135.1262, 54.7296, 136.7017, 54.6035, 137.1934, 53.9773, 138.1647, 53.7550, 138.8046, 54.2546, 139.9015, 54.1897, 141.3453, 53.0896, 141.3792, 52.2388, 140.5974, 51.2397, 140.5131, 50.0455, 140.0620, 48.4467, 138.5547, 46.9997, 138.2197, 46.3079, 136.8624, 45.1435, 135.5154, 43.9890, 134.8694, 43.3982, 133.5369, 42.8115, 132.9062, 42.7985, 132.2781, 43.2845, 130.9359, 42.5528, 130.7800, 42.2200, 130.4000, 42.2800, 129.9659, 41.9414, 129.6674, 41.6011, 129.7052, 40.8828, 129.1881, 40.6618, 129.0104, 40.4854, 128.6334, 40.1898, 127.9674, 40.0254, 127.5334, 39.7569, 127.5021, 39.3239, 127.3854, 39.2135, 127.7833, 39.0509, 128.3497, 38.6122, 129.2129, 37.4324, 129.4604, 36.7842, 129.4683, 35.6321, 129.0914, 35.0825, 128.1859, 34.8904, 127.3865, 34.4757, 126.4857, 34.3900, 126.3739, 34.9346, 126.5592, 35.6845, 126.1174, 36.7255, 126.8601, 36.8939, 126.1748, 37.7497, 125.6891, 37.9400, 125.5684, 37.7521, 125.2753, 37.6691, 125.2401, 37.8572, 124.9810, 37.9488, 124.7122, 38.1083, 124.9860, 38.5485, 125.2219, 38.6659, 125.1329, 38.8486, 125.3866, 39.3880, 125.3211, 39.5514, 124.7375, 39.6603, 124.2656, 39.9285, 122.8676, 39.6378, 122.1314, 39.1705, 121.0546, 38.8975, 121.5860, 39.3609, 121.3768, 39.7503, 122.1686, 40.4224, 121.6404, 40.9464, 120.7686, 40.5934, 119.6396, 39.8981, 119.0235, 39.2523, 118.0427, 39.2043, 117.5327, 38.7376, 118.0597, 38.0615, 118.8781, 37.8973, 118.9116, 37.4485, 119.7028, 37.1564, 120.8235, 37.8704, 121.7113, 37.4811, 122.3579, 37.4545, 122.5200, 36.9306, 121.1042, 36.6513, 120.6370, 36.1114, 119.6646, 35.6098, 119.1512, 34.9099, 120.2275, 34.3603, 120.6204, 33.3767, 121.2290, 32.4603, 121.9081, 31.6922, 121.8919, 30.9494, 121.2643, 30.6763, 121.5035, 30.1429, 122.0921, 29.8325, 121.9384, 29.0180, 121.6844, 28.2255, 121.1257, 28.1357, 120.3955, 27.0532, 119.5855, 25.7408, 118.6569, 24.5474, 117.2816, 23.6245, 115.8907, 22.7829, 114.7638, 22.6681, 114.1525, 22.2238, 113.8068, 22.5483, 113.2411, 22.0514, 111.8436, 21.5505, 110.7855, 21.3971, 110.5094, 20.5654, 110.4440, 20.3410, 109.8899, 20.2825, 109.6277, 21.0082, 109.8645, 21.3951, 108.5228, 21.7152, 108.0502, 21.5524, 106.7151, 20.6969, 105.8817, 19.7521, 105.6620, 19.0582, 106.4268, 18.0041, 107.3620, 16.6975, 108.2695, 16.0797, 108.8771, 15.2767, 109.3353, 13.4260, 109.2001, 11.6669, 108.3661, 11.0083, 107.2209, 10.3645, 106.4051, 9.5308, 105.1583, 8.5998, 104.7952, 9.2410, 105.0762, 9.9185, 104.3343, 10.4865, 103.4973, 10.6326, 103.0907, 11.1537, 102.5849, 12.1866, 101.6872, 12.6457, 100.8318, 12.6271, 100.9785, 13.4127, 100.0978, 13.4069, 100.0187, 12.3070, 99.4789, 10.8464, 99.1538, 9.9631, 99.2224, 9.2393, 99.8738, 9.2079, 100.2796, 8.2952, 100.4593, 7.4296, 101.0173, 6.8569, 101.6231, 6.7406, 102.1412, 6.2216, 102.3711, 6.1282, 102.9617, 5.5245, 103.3812, 4.8550, 103.4386, 4.1816, 103.3321, 3.7267, 103.4294, 3.3829, 103.5024, 2.7910, 103.8547, 2.5155, 104.2479, 1.6311, 104.2288, 1.2930, 103.5197, 1.2263, 102.5736, 1.9671, 101.3906, 2.7608, 101.2735, 3.2703, 100.6954, 3.9391, 100.5574, 4.7673, 100.1967, 5.3125, 100.3063, 6.0406, 100.0858, 6.4645, 99.6907, 6.8482, 99.5196, 7.3435, 98.9883, 7.9080, 98.5038, 8.3823, 98.3397, 7.7945, 98.1500, 8.3500, 98.2592, 8.9739, 98.5536, 9.9330, 98.4572, 10.6753, 98.7645, 11.4413, 98.4283, 12.0330, 98.5096, 13.1224, 98.1036, 13.6405, 97.7777, 14.8373, 97.5971, 16.1006, 97.1645, 16.9287, 96.5058, 16.4272, 95.3694, 15.7144, 94.8084, 15.8035, 94.1888, 16.0379, 94.5335, 17.2772, 94.3248, 18.2135, 93.5410, 19.3665, 93.6633, 19.7270, 93.0783, 19.8551, 92.3686, 20.6709, 92.0829, 21.1922, 92.0252, 21.7016, 91.8349, 22.1829, 91.4171, 22.7650, 90.4960, 22.8050, 90.5870, 22.3928, 90.2730, 21.8364, 89.8475, 22.0391, 89.7020, 21.8571, 89.4189, 21.9662, 89.0320, 22.0557, 88.8888, 21.6906, 88.2085, 21.7032, 86.9757, 21.4956, 87.0332, 20.7433, 86.4994, 20.1516, 85.0603, 19.4786, 83.9410, 18.3020, 83.1892, 17.6712, 82.1928, 17.0166, 82.1912, 16.5567, 81.6927, 16.3102, 80.7920, 15.9520, 80.3249, 15.8992, 80.0251, 15.1364, 80.2333, 13.8358, 80.2863, 13.0063, 79.8625, 12.0562, 79.8580, 10.3573, 79.3405, 10.3089, 78.8853, 9.5461, 79.1897, 9.2165, 78.2779, 8.9330, 77.9412, 8.2530, 77.5399, 7.9655, 76.5930, 8.8993, 76.1301, 10.2996, 75.7465, 11.3083, 75.3961, 11.7812, 74.8648, 12.7419, 74.6167, 13.9926, 74.4439, 14.6172, 73.5342, 15.9907, 73.1199, 17.9286, 72.8209, 19.2082, 72.8245, 20.4195, 72.6305, 21.3560, 71.1753, 20.7574, 70.4705, 20.8773, 69.1641, 22.0893, 69.6449, 22.4508, 69.3496, 22.8432, 68.1766, 23.6920, 67.4437, 23.9448, 67.1454, 24.6636, 66.3728, 25.4251, 64.5304, 25.2370, 62.9057, 25.2184, 61.4974, 25.0782, 59.6161, 25.3802, 58.5258, 25.6100, 57.3973, 25.7399, 56.9708, 26.9661, 56.4921, 27.1433, 55.7237, 26.9646, 54.7151, 26.4807, 53.4931, 26.8124, 52.4836, 27.5808, 51.5208, 27.8657, 50.8529, 28.8145, 50.1150, 30.1478, 49.5769, 29.9857, 48.9413, 30.3171, 48.5680, 29.9268, 47.9745, 29.9758, 48.1832, 29.5345, 48.0939, 29.3063, 48.4161, 28.5520, 48.8076, 27.6896, 49.2996, 27.4612, 49.4709, 27.1100, 50.1524, 26.6897, 50.2129, 26.2770, 50.1133, 25.9440, 50.2399, 25.6080, 50.5274, 25.3278, 50.6606, 24.9999, 50.8101, 24.7547, 50.7439, 25.4824, 51.0134, 26.0070, 51.2865, 26.1146, 51.5891, 25.8011, 51.6067, 25.2157, 51.3896, 24.6274, 51.5795, 24.2455, 51.7574, 24.2941, 51.7944, 24.0198, 52.5771, 24.1774, 53.4040, 24.1513, 54.0080, 24.1218, 54.6930, 24.7979, 55.4390, 25.4391, 56.0708, 26.0555, 56.3620, 26.3959, 56.4857, 26.3091, 56.3914, 25.8960, 56.2610, 25.7146, 56.3968, 24.9247, 56.8451, 24.2417, 57.4035, 23.8786, 58.1369, 23.7479, 58.7292, 23.5657, 59.1805, 22.9924, 59.4501, 22.6603, 59.8081, 22.5336, 59.8061, 22.3105, 59.4422, 21.7145, 59.2824, 21.4339, 58.8611, 21.1140, 58.4880, 20.4290, 58.0343, 20.4814, 57.8264, 20.2430, 57.6658, 19.7360, 57.7887, 19.0676, 57.6944, 18.9447, 57.2343, 18.9480, 56.6097, 18.5743, 56.5122, 18.0871, 56.2835, 17.8761, 55.6615, 17.8841, 55.2699, 17.6323, 55.2749, 17.2284, 54.7910, 16.9507, 54.2393, 17.0450, 53.5705, 16.7077, 53.1086, 16.6511, 52.3852, 16.3824, 52.1917, 15.9384, 52.1682, 15.5974, 51.1725, 15.1752, 49.5746, 14.7088, 48.6792, 14.0032, 48.2389, 13.9481, 47.9389, 14.0072, 47.3545, 13.5922, 46.7171, 13.3997, 45.8776, 13.3478, 45.6251, 13.2909, 45.4065, 13.0269, 45.1444, 12.9539, 44.9895, 12.6996, 44.4946, 12.7217, 44.1751, 12.5860, 43.4830, 12.6368, 43.2229, 13.2210, 43.2514, 13.7676, 43.0879, 14.0626, 42.8922, 14.8022, 42.6049, 15.2133, 42.8050, 15.2620, 42.7024, 15.7189, 42.8237, 15.9117, 42.7793, 16.3479, 42.6496, 16.7746, 42.3480, 17.0758, 42.2709, 17.4747, 41.7544, 17.8330, 41.2214, 18.6716, 40.9393, 19.4865, 40.2477, 20.1746, 39.8017, 20.3389, 39.1394, 21.2919, 39.0237, 21.9869, 39.0663, 22.5797, 38.4928, 23.6885, 38.0239, 24.0787, 37.4836, 24.2855, 37.1548, 24.8585, 37.2095, 25.0845, 36.9316, 25.6030, 36.6396, 25.8262, 36.2491, 26.5701, 35.6402, 27.3765, 35.1302, 28.0634, 34.6323, 28.0585, 34.7878, 28.6074, 34.8322, 28.9575, 34.9560, 29.3566, 34.9226, 29.5013, 34.6417, 29.0994, 34.4266, 28.3440, 34.1545, 27.8233, 33.9214, 27.6487, 33.5881, 27.9714, 33.1368, 28.4176, 32.4232, 29.8511, 32.3204, 29.7604, 32.7348, 28.7052, 33.3487, 27.6999, 34.1046, 26.1423, 34.4739, 25.5986, 34.7951, 25.0337, 35.6924, 23.9267, 35.4937, 23.7524, 35.5260, 23.1024, 36.6907, 22.2048, 36.8662, 22.0000, 37.1887, 21.0188, 36.9694, 20.8374, 37.1147, 19.8080, 37.4818, 18.6141, 37.8627, 18.3679, 38.4101, 17.9983, 38.9906, 16.8406, 39.2661, 15.9227, 39.8143, 15.4356, 41.1793, 14.4911, 41.7350, 13.9210, 42.2768, 13.3440, 42.5896, 13.0004, 43.0812, 12.6996, 43.3179, 12.3901, 43.2864, 11.9749, 42.7159, 11.7356, 43.1453, 11.4620, 43.4707, 11.2777, 43.6667, 10.8642, 44.1178, 10.4455, 44.6143, 10.4422, 45.5569, 10.6980, 46.6454, 10.8165, 47.5257, 11.1272, 48.0216, 11.1931, 48.3788, 11.3755, 48.9482, 11.4106, 49.2678, 11.4303, 49.7286, 11.5789, 50.2588, 11.6796, 50.7320, 12.0219, 51.1112, 12.0246, 51.1339, 11.7481, 51.0415, 11.1665, 51.0453, 10.6409, 50.8342, 10.2797, 50.5524, 9.1987, 50.0709, 8.0817, 49.4527, 6.8046, 48.5945, 5.3391, 47.7408, 4.2194, 46.5647, 2.8553, 45.5640, 2.0458, 44.0681, 1.0528, 43.1360, 0.2922, 42.0416, -0.9192, 41.8110, -1.4465, 41.5851, -1.6833, 40.8848, -2.0826, 40.6379, -2.4998, 40.2630, -2.5731, 40.1212, -3.2777, 39.8001, -3.6812, 39.6049, -4.3466, 39.2022, -4.6768, 38.7405, -5.9089, 38.7998, -6.4757, 39.4400, -6.8400, 39.4700, -7.1000, 39.1947, -7.7039, 39.2520, -8.0078, 39.1865, -8.4855, 39.5358, -9.1124, 39.9496, -10.0984, 40.3166, -10.3171, 40.4784, -10.7654, 40.4373, -11.7617, 40.5608, -12.6392, 40.5996, -14.2020, 40.7755, -14.6918, 40.4773, -15.4063, 40.0893, -16.1008, 39.4526, -16.7209, 38.5384, -17.1010, 37.4111, -17.5864, 36.2813, -18.6597, 35.8965, -18.8423, 35.1984, -19.5528, 34.7864, -19.7840, 34.7019, -20.4970, 35.1761, -21.2544, 35.3734, -21.8408, 35.3858, -22.1400, 35.5625, -22.0900, 35.5339, -23.0708, 35.3718, -23.5354, 35.6075, -23.7066, 35.4587, -24.1226, 35.0407, -24.4784, 34.2158, -24.8163, 33.0132, -25.3576, 32.5746, -25.7273, 32.6604, -26.1486, 32.9160, -26.2159, 32.8301, -26.7422, 32.5803, -27.4702, 32.4621, -28.3010, 32.2034, -28.7524, 31.5210, -29.2574, 31.3256, -29.4020, 30.9018, -29.9100, 30.6228, -30.4238, 30.0557, -31.1403, 28.9256, -32.1720, 28.2198, -32.7720, 27.4646, -33.2270, 26.4195, -33.6150, 25.9097, -33.6670, 25.7806, -33.9446, 25.1729, -33.7969, 24.6779, -33.9872, 23.5940, -33.7945, 22.9882, -33.9164, 22.5742, -33.8641, 21.5428, -34.2588, 20.6891, -34.4172, 20.0713, -34.7951, 19.6164, -34.8192, 19.1933, -34.4626, 18.8553, -34.4443, 18.4246, -33.9979, 18.3774, -34.1365, 18.2445, -33.8678, 18.2501, -33.2814, 17.9252, -32.6113, 18.2479, -32.4291, 18.2218, -31.6616, 17.5669, -30.7257, 17.0644, -29.8786, 17.0629, -29.8760, 16.3450, -28.5767, 15.6018, -27.8212, 15.2105, -27.0910, 14.9897, -26.1174, 14.7432, -25.3929, 14.4081, -23.8530, 14.3857, -22.6567, 14.2577, -22.1112, 13.8686, -21.6990, 13.3525, -20.8728, 12.8268, -19.6732, 12.6086, -19.0453, 11.7949, -18.0691, 11.7342, -17.3019, 11.6401, -16.6731, 11.7785, -15.7938, 12.1236, -14.8783, 12.1756, -14.4491, 12.5001, -13.5477, 12.7385, -13.1379, 13.3129, -12.4836, 13.6337, -12.0386, 13.7387, -11.2979, 13.6864, -10.7311, 13.3873, -10.3736, 13.1210, -9.7669, 12.8754, -9.1669, 12.9291, -8.9591, 13.2364, -8.5626, 12.9330, -7.5965, 12.7283, -6.9271, 12.2273, -6.2944, 12.3224, -6.1001, 12.1823, -5.7899, 11.9150, -5.0380, 11.0938, -3.9788, 10.0661, -2.9695, 9.4052, -2.1443, 8.7980, -1.1113, 8.8301, -0.7791, 9.0484, -0.4594, 9.2914, 0.2687, 9.4929, 1.0101, 9.3056, 1.1609, 9.6492, 2.2839, 9.7952, 3.0734, 9.4044, 3.7345, 8.9481, 3.9041, 8.7449, 4.3522, 8.4888, 4.4956, 8.5003, 4.7720, 7.4621, 4.4121, 7.0826, 4.4647, 6.6981, 4.2406, 5.8982, 4.2625, 5.3628, 4.8880, 5.0336, 5.6118, 4.3256, 6.2707, 3.5742, 6.2583, 2.6917, 6.2588, 1.8652, 6.1422, 1.0601, 5.9288, -0.5076, 5.3435, -1.0636, 5.0005, -1.9647, 4.7105, -2.8561, 4.9945, -3.3111, 4.9843, -4.0088, 5.1798, -4.6499, 5.1683, -5.8345, 4.9937, -6.5288, 4.7051, -7.5189, 4.3383, -7.7122, 4.3646, -7.9741, 4.3558, -9.0048, 4.8324, -9.9134, 5.5936, -10.7654, 6.1407, -11.4388, 6.7859, -11.7082, 6.8601, -12.4281, 7.2629, -12.9490, 7.7986, -13.1240, 8.1639, -13.2466, 8.9030, -13.6852, 9.4947, -14.0740, 9.8862, -14.3301, 10.0157, -14.5797, 10.2145, -14.6932, 10.6563, -14.8396, 10.8766, -15.1303, 11.0404, -15.6642, 11.4585, -16.0852, 11.5246, -16.3148, 11.8065, -16.3089, 11.9587, -16.6138, 12.1709, -16.6775, 12.3849, -16.8415, 13.1514, -16.7137, 13.5950, -17.1261, 14.3735, -17.6250, 14.7295, -17.1852, 14.9195, -16.7007, 15.6215, -16.4631, 16.1350, -16.5497, 16.6739, -16.2706, 17.1670, -16.1463, 18.1085, -16.2569, 19.0967
-177.5500, 68.2000, -180.0000, 68.9636
-180.0000, -16.0671, -179.7933, -16.0209, -179.9174, -16.5018, -180.0000, -16.5552
125.9471, -8.4321, 126.6447, -8.3982, 126.9572, -8.2733, 127.3359, -8.3973, 126.9680, -8.6683, 125.9259, -9.1060, 125.0885, -9.3932, 124.4360, -10.1400, 123.5800, -10.3600, 123.4600, -10.2400, 123.5500, -9.9000, 123.9800, -9.2900, 124.9687, -8.8928, 125.0862, -8.6569, 125.9471, -8.4321
-180.0000, -84.7134, -179.9425, -84.7214, -179.0587, -84.1394, -177.2568, -84.4529, -176.0847, -84.0993, -175.8299, -84.1179, -174.3825, -84.5343, -173.1166, -84.1179, -172.8891, -84.0610, -169.9512, -83.8846, -169.0000, -84.1179, -168.5302, -84.2374, -167.0221, -84.5705, -164.1821, -84.8252, -161.9298, -85.1387, -158.0714, -85.3739, -155.1923, -85.0996, -150.9421, -85.2955, -148.5331, -85.6090, -145.8889, -85.3151, -143.1077, -85.0408, -142.8923, -84.5705, -146.8291, -84.5313, -150.0607, -84.2961, -150.9029, -83.9042, -153.5862, -83.6887, -153.4099, -83.2380, -153.0378, -82.8265, -152.6656, -82.4542, -152.8615, -82.0427, -154.5263, -81.7684, -155.2902, -81.4157, -156.8374, -81.1021, -154.4088, -81.1609, -152.0977, -81.0042, -150.6483, -81.3373, -148.8660, -81.0434, -147.2207, -80.6710, -146.4177, -80.3379, -146.7703, -79.9264, -148.0629, -79.6521, -149.5319, -79.3582, -151.5884, -79.2994, -153.3903, -79.1622, -155.3294, -79.0643, -155.9757, -78.6919, -157.2683, -78.3784, -158.0518, -78.0257, -158.3651, -76.8892, -157.8755, -76.9872, -156.9746, -77.3008, -155.3294, -77.2027, -153.7428, -77.0656, -152.9202, -77.4967, -151.3338, -77.3987, -150.0019, -77.1831, -148.7485, -76.9088, -147.6125, -76.5757, -146.1044, -76.4778, -146.1435, -76.1054, -146.4961, -75.7332, -146.2023, -75.3804, -144.9096, -75.2040, -144.3220, -75.5372, -142.7944, -75.3412, -141.6388, -75.0865, -140.2090, -75.0669, -138.8576, -74.9689, -137.5062, -74.7338, -136.4289, -74.5182, -135.2146, -74.3027, -134.4312, -74.3615, -133.7457, -74.4398, -132.2572, -74.3027, -130.9253, -74.4790, -129.5543, -74.4594, -128.2420, -74.3223, -126.8906, -74.4203, -125.4021, -74.5182, -124.0115, -74.4790, -122.5622, -74.4986, -121.0736, -74.5182, -119.7026, -74.4790, -118.6841, -74.1851, -117.4698, -74.0283, -116.2163, -74.2439, -115.0216, -74.0675, -113.9443, -73.7148, -113.2980, -74.0283, -112.9455, -74.3810, -112.2991, -74.7142, -111.2611, -74.4203, -110.0663, -74.7925, -108.7149, -74.9101, -107.5593, -75.1845, -106.1491, -75.1257, -104.8761, -74.9493, -103.3679, -74.9885, -102.0165, -75.1257, -100.6455, -75.3020, -100.1167, -74.8709, -100.7630, -74.5378, -101.2527, -74.1851, -102.5453, -74.1067, -103.1133, -73.7344, -103.3288, -73.3621, -103.6813, -72.6175, -102.9175, -72.7547, -101.6052, -72.8134, -100.3125, -72.7547, -99.1374, -72.9114, -98.1189, -73.2054, -97.6880, -73.5580, -96.3366, -73.6168, -95.0440, -73.4797, -93.6729, -73.2837, -92.4390, -73.1662, -91.4206, -73.4013, -90.0887, -73.3229, -89.2270, -72.5587, -88.4240, -73.0094, -87.2683, -73.1858, -86.0148, -73.0878, -85.1922, -73.4797, -83.8800, -73.5189, -82.6656, -73.6364, -81.4709, -73.8520, -80.6874, -73.4797, -80.2958, -73.1270, -79.2969, -73.5189, -77.9259, -73.4209, -76.9074, -73.6364, -76.2219, -73.9695, -74.8900, -73.8716, -73.8520, -73.6560, -72.8335, -73.4013, -71.6192, -73.2642, -70.2090, -73.1465, -68.9359, -73.0094, -67.9566, -72.7939, -67.3691, -72.4803, -67.1340, -72.0492, -67.2515, -71.6377, -67.5649, -71.2458, -67.9175, -70.8539, -68.2308, -70.4621, -68.4855, -70.1093, -68.5442, -69.7174, -68.4463, -69.3255, -67.9762, -68.9532, -67.5845, -68.5417, -67.4278, -68.1498, -67.6237, -67.7188, -67.7412, -67.3268, -67.2515, -66.8762, -66.7032, -66.5822, -66.0568, -66.2100, -65.3713, -65.8964, -64.5683, -65.6025, -64.1765, -65.1714, -63.6282, -64.8971, -63.0014, -64.6423, -62.0417, -64.5836, -61.4149, -64.2700, -60.7099, -64.0741, -59.8873, -63.9565, -59.1626, -63.7017, -58.5946, -63.3882, -57.8111, -63.2707, -57.2236, -63.5254, -57.5957, -63.8585, -58.6141, -64.1525, -59.0451, -64.3680, -59.7893, -64.2112, -60.6119, -64.3092, -61.2974, -64.5443, -62.0221, -64.7991, -62.5118, -65.0930, -62.6489, -65.4849, -62.5901, -65.8572, -62.1201, -66.1903, -62.8056, -66.4255, -63.7457, -66.5038, -64.2941, -66.8370, -64.8817, -67.1505, -65.5084, -67.5816, -65.6651, -67.9539, -65.3125, -68.3653, -64.7837, -68.6789, -63.9611, -68.9140, -63.1973, -69.2276, -62.7860, -69.6194, -62.5705, -69.9917, -62.2767, -70.3837, -61.8067, -70.7168, -61.5129, -71.0890, -61.3758, -72.0101, -61.0820, -72.3824, -61.0037, -72.7743, -60.6903, -73.1662, -60.8274, -73.6952, -61.3758, -74.1067, -61.9634, -74.4398, -63.2952, -74.5770, -63.7457, -74.9297, -64.3528, -75.2628, -65.8610, -75.6351, -67.1928, -75.7919, -68.4463, -76.0075, -69.7977, -76.2230, -70.6007, -76.6345, -72.2068, -76.6737, -73.9695, -76.6345, -75.5560, -76.7129, -77.2404, -76.7129, -76.9270, -77.1048, -75.3993, -77.2811, -74.2829, -77.5554, -73.6561, -77.9081, -74.7725, -78.2216, -76.4961, -78.1237, -77.9259, -78.3784, -77.9847, -78.7899, -78.0238, -79.1818, -76.8486, -79.5149, -76.6332, -79.8872, -75.3601, -80.2595, -73.2449, -80.4163, -71.4429, -80.6906, -70.0132, -81.0042, -68.1916, -81.3177, -65.7043, -81.4745, -63.2560, -81.7488, -61.5520, -82.0427, -59.6914, -82.3759, -58.7121, -82.8461, -58.2225, -83.2184, -57.0081, -82.8657, -55.3629, -82.5718, -53.6198, -82.2582, -51.5436, -82.0035, -49.7613, -81.7292, -47.2739, -81.7096, -44.8257, -81.8467, -42.8084, -82.0819, -42.1620, -81.6508, -40.7714, -81.3569, -38.2448, -81.3373, -36.2667, -81.1217, -34.3864, -80.9062, -32.3103, -80.7690, -30.0971, -80.5927, -28.5498, -80.3379, -29.2549, -79.9852, -29.6858, -79.6325, -29.6858, -79.2602, -31.6248, -79.2994, -33.6813, -79.4561, -35.6399, -79.4561, -35.9141, -79.0839, -35.7770, -78.3392, -35.3265, -78.1237, -33.8968, -77.8885, -32.2124, -77.6535, -30.9981, -77.3595, -29.7837, -77.0656, -28.8828, -76.6737, -27.5118, -76.4973, -26.1603, -76.3601, -25.4748, -76.2818, -23.9276, -76.2426, -22.4586, -76.1054, -21.2247, -75.9095, -20.0104, -75.6743, -18.9135, -75.4392, -17.5230, -75.1257, -16.6416, -74.7925, -15.7015, -74.4986, -15.4077, -74.1067, -16.4653, -73.8716, -16.1128, -73.4601, -15.4469, -73.1465, -14.4088, -72.9506, -13.3120, -72.7155, -12.2935, -72.4019, -11.5101, -72.0101, -11.0204, -71.5398, -10.2958, -71.2654, -9.1010, -71.3242, -8.6114, -71.6573, -7.4166, -71.6965, -7.3775, -71.3242, -6.8682, -70.9323, -5.7910, -71.0303, -5.5364, -71.4026, -4.3417, -71.4614, -3.0490, -71.2851, -1.7955, -71.1674, -0.6595, -71.2262, -0.2286, -71.6377, 0.8682, -71.3046, 1.8867, -71.1283, 3.0226, -70.9911, 4.1391, -70.8539, 5.1575, -70.6188, 6.2739, -70.4621, 7.1357, -70.2465, 7.7429, -69.8938, 8.4871, -70.1485, 9.5251, -70.0113, 10.2498, -70.4816, 10.8178, -70.8343, 11.9538, -70.6384, 12.4043, -70.2465, 13.4228, -69.9722, 14.7350, -70.0309, 15.1268, -70.4032, 15.9493, -70.0309, 17.0266, -69.9134, 18.2017, -69.8742, 19.2594, -69.8938, 20.3757, -70.0113, 21.4530, -70.0701, 21.9230, -70.4032, 22.5694, -70.6972, 23.6662, -70.5208, 24.8414, -70.4816, 25.9773, -70.4816, 27.0937, -70.4621, 28.0926, -70.3249, 29.1502, -70.2073, 30.0316, -69.9329, 30.9717, -69.7566, 31.9902, -69.6586, 32.7541, -69.3843, 33.3024, -68.8356, 33.8704, -68.5026, 34.9085, -68.6593, 35.3002, -69.0120, 36.1620, -69.2471, 37.2000, -69.1687, 37.9051, -69.5214, 38.6494, -69.7762, 39.6679, -69.5411, 40.0204, -69.1099, 40.9214, -68.9336, 41.9594, -68.6005, 42.9387, -68.4633, 44.1139, -68.2674, 44.8973, -68.0519, 45.7199, -67.8167, 46.5033, -67.6012, 47.4434, -67.7188, 48.3444, -67.3661, 48.9907, -67.0917, 49.9309, -67.1113, 50.7535, -66.8762, 50.9493, -66.5235, 51.7915, -66.2491, 52.6141, -66.0532, 53.6130, -65.8964, 54.5336, -65.8180, 55.4149, -65.8768, 56.3550, -65.9748, 57.1581, -66.2491, 57.2560, -66.6802, 58.1374, -67.0133, 58.7445, -67.2877, 59.9393, -67.4052, 60.6052, -67.6796, 61.4278, -67.9539, 62.3875, -68.0127, 63.1905, -67.8167, 64.0523, -67.4052, 64.9924, -67.6207, 65.9717, -67.7383, 66.9119, -67.8559, 67.8911, -67.9343, 68.8900, -67.9343, 69.7126, -68.9728, 69.6735, -69.2276, 69.5559, -69.6782, 68.5963, -69.9329, 67.8127, -70.3053, 67.9499, -70.6972, 69.0663, -70.6775, 68.9292, -71.0695, 68.4200, -71.4418, 67.9499, -71.8533, 68.7138, -72.1668, 69.8693, -72.2648, 71.0249, -72.0884, 71.5733, -71.6965, 71.9063, -71.3242, 72.4546, -71.0107, 73.0814, -70.7168, 73.3360, -70.3640, 73.8649, -69.8742, 74.4916, -69.7762, 75.6276, -69.7370, 76.6265, -69.6194, 77.6449, -69.4627, 78.1345, -69.0708, 78.4284, -68.6984, 79.1139, -68.3262, 80.0931, -68.0715, 80.9353, -67.8755, 81.4838, -67.5424, 82.0518, -67.3661, 82.7764, -67.2093, 83.7753, -67.3073, 84.6762, -67.2093, 85.6555, -67.0917, 86.7524, -67.1505, 87.4770, -66.8762, 87.9863, -66.2099, 88.3584, -66.4843, 88.8284, -66.9546, 89.6706, -67.1505, 90.6304, -67.2289, 91.5901, -67.1113, 92.6085, -67.1897, 93.5486, -67.2093, 94.1754, -67.1113, 95.0176, -67.1701, 95.7815, -67.3857, 96.6824, -67.2485, 97.7596, -67.2485, 98.6802, -67.1113, 99.7182, -67.2485, 100.3842, -66.9153, 100.8934, -66.5822, 101.5789, -66.3079, 102.8324, -65.5633, 103.4787, -65.7005, 104.2426, -65.9748, 104.9085, -66.3275, 106.1816, -66.9349, 107.1609, -66.9546, 108.0814, -66.9546, 109.1586, -66.8370, 110.2358, -66.6998, 111.0585, -66.4255, 111.7440, -66.1316, 112.8604, -66.0923, 113.6047, -65.8768, 114.3881, -66.0728, 114.8973, -66.3863, 115.6024, -66.6998, 116.6992, -66.6606, 117.3847, -66.9153, 118.5795, -67.1701, 119.8329, -67.2681, 120.8710, -67.1897, 121.6544, -66.8762, 122.3204, -66.5627, 123.2213, -66.4843, 124.1223, -66.6215, 125.1602, -66.7194, 126.1004, -66.5627, 127.0014, -66.5627, 127.8828, -66.6606, 128.8033, -66.7586, 129.7043, -66.5822, 130.7815, -66.4255, 131.7999, -66.3863, 132.9359, -66.3863, 133.8565, -66.2883, 134.7574, -66.2100, 135.0316, -65.7201, 135.0708, -65.3086, 135.6975, -65.5829, 135.8738, -66.0336, 136.2067, -66.4451, 136.6180, -66.7782, 137.4603, -66.9546, 138.5962, -66.8958, 139.9084, -66.8762, 140.8094, -66.8174, 142.1217, -66.8174, 143.0618, -66.7978, 144.3741, -66.8370, 145.4904, -66.9153, 146.1956, -67.2289, 145.9997, -67.6012, 146.6461, -67.8951, 147.7233, -68.1303, 148.8396, -68.3850, 150.1323, -68.5613, 151.4837, -68.7181, 152.5022, -68.8748, 153.6382, -68.8945, 154.2846, -68.5613, 155.1659, -68.8356, 155.9298, -69.1492, 156.8111, -69.3843, 158.0255, -69.4823, 159.1810, -69.5998, 159.6707, -69.9917, 160.8067, -70.2269, 161.5705, -70.5796, 162.6869, -70.7364, 163.8424, -70.7168, 164.9197, -70.7755, 166.1144, -70.7559, 167.3091, -70.8343, 168.4256, -70.9715, 169.4636, -71.2067, 170.5017, -71.4026, 171.2068, -71.6965, 171.0892, -72.0884, 170.5604, -72.4412, 170.1100, -72.8918, 169.7574, -73.2445, 169.2873, -73.6560, 167.9751, -73.8128, 167.3875, -74.1655, 166.0948, -74.3810, 165.6444, -74.7730, 164.9589, -75.1453, 164.2342, -75.4588, 163.8228, -75.8703, 163.5682, -76.2426, 163.4703, -76.6933, 163.4899, -77.0656, 164.0579, -77.4574, 164.2734, -77.8298, 164.7435, -78.1825, 166.6041, -78.3196, 166.9958, -78.7507, 165.1939, -78.9075, 163.6662, -79.1230, 161.7664, -79.1622, 160.9242, -79.7305, 160.7479, -80.2007, 160.3170, -80.5731, 159.7882, -80.9454, 161.1200, -81.2785, 161.6293, -81.6900, 162.4910, -82.0623, 163.7053, -82.3954, 165.0959, -82.7090, 166.6041, -83.0225, 168.8957, -83.3360, 169.4048, -83.8259, 172.2839, -84.0414, 172.4770, -84.1179, 173.2241, -84.4137, 175.9857, -84.1590, 178.2772, -84.4725, 180.0000, -84.7134
-180.0000, 68.9636, -177.5500, 68.2000, -174.9282, 67.2059, -175.0143, 66.5844, -174.3398, 66.3356, -174.5718, 67.0622, -171.8573, 66.9131, -169.8996, 65.9772, -170.8911, 65.5414, -172.5302, 65.4379, -172.5550, 64.4608, -172.9553, 64.2527, -173.8918, 64.2826, -174.6539, 64.6312, -175.9835, 64.9229, -176.2072, 65.3567, -177.2227, 65.5202, -178.3599, 65.3905, -178.9033, 65.7404, -178.6861, 66.1121, -179.8838, 65.8746, -179.4327, 65.4041, -180.0000, 64.9797
-180.0000, 71.5157, -179.8719, 71.5576, -179.0243, 71.5555, -177.5779, 71.2695, -177.6636, 71.1328, -178.6938, 70.8930, -180.0000, 70.8322
180.0000, 70.8322, 178.9034, 70.7811, 178.7253, 71.0988, 180.0000, 71.5157
180.0000, -16.5552, 179.3641, -16.8014, 178.7251, -17.0120, 178.5968, -16.6392, 179.0966, -16.4340, 179.4135, -16.3791, 180.0000, -16.0671
-61.2000, -51.8500, -60.0000, -51.2500, -59.1500, -51.5000, -58.5500, -51.1000, -57.7500, -51.5500, -58.0500, -51.9000, -59.4000, -52.2000, -59.8500, -51.8500, -60.7000, -52.3000, -61.2000, -51.8500
68.9350, -48.6250, 69.5800, -48.9400, 70.5250, -49.0650, 70.5600, -49.2550, 70.2800, -49.7100, 68.7450, -49.7750, 68.7200, -49.2425, 68.8675, -48.8300, 68.9350, -48.6250
178.1256, -17.5048, 178.3736, -17.3399, 178.7181, -17.6285, 178.5527, -18.1506, 177.9327, -18.2880, 177.3815, -18.1643, 177.2850, -17.7247, 177.6709, -17.3811, 178.1256, -17.5048
-61.6800, 10.7600, -61.1050, 10.8900, -60.8950, 10.8550, -60.9350, 10.1100, -61.7700, 10.0000, -61.9500, 10.0900, -61.6600, 10.3650, -61.6800, 10.7600
-155.4021, 20.0798, -155.2245, 19.9930, -155.0623, 19.8591, -154.8074, 19.5087, -154.8315, 19.4533, -155.2222, 19.2397, -155.5421, 19.0835, -155.6882, 18.9162, -155.9366, 19.0594, -155.9081, 19.3389, -156.0735, 19.7029, -156.0237, 19.8142, -155.8501, 19.9773, -155.9191, 20.1740, -155.8611, 20.2672, -155.7851, 20.2487, -155.4021, 20.0798
-155.9957, 20.7640, -156.0793, 20.6440, -156.4144, 20.5724, -156.5867, 20.7830, -156.7017, 20.8643, -156.7106, 20.9268, -156.6126, 21.0125, -156.2571, 20.9174, -155.9957, 20.7640
-156.7582, 21.1768, -156.7893, 21.0687, -157.3252, 21.0978, -157.2503, 21.2196, -156.7582, 21.1768
-158.0252, 21.7170, -157.9416, 21.6527, -157.6528, 21.3222, -157.7070, 21.2644, -157.7786, 21.2773, -158.1267, 21.3124, -158.2538, 21.5392, -158.2927, 21.5791, -158.0252, 21.7170
-159.3657, 22.2149, -159.3451, 21.9820, -159.4637, 21.8830, -159.8005, 22.0653, -159.7488, 22.1382, -159.5962, 22.2362, -159.3657, 22.2149
-78.1909, 25.2103, -77.8900, 25.1700, -77.5400, 24.3400, -77.5347, 23.7598, -77.7800, 23.7100, -78.0340, 24.2861, -78.4085, 24.5756, -78.1909, 25.2103
-78.9800, 26.7900, -78.5100, 26.8700, -77.8500, 26.8400, -77.8200, 26.5800, -78.9100, 26.4200, -78.9800, 26.7900
-77.7900, 27.0400, -77.0000, 26.5900, -77.1726, 25.8792, -77.3564, 26.0073, -77.3400, 26.5300, -77.7880, 26.9252, -77.7900, 27.0400
-64.0149, 47.0360, -63.6645, 46.5500, -62.9393, 46.4159, -62.0121, 46.4431, -62.5039, 46.0334, -62.8743, 45.9682, -64.1428, 46.3927, -64.3926, 46.7275, -64.0149, 47.0360
46.6820, 44.6092, 47.6759, 45.6415, 48.6454, 45.8063, 49.1012, 46.3993, 50.0341, 46.6090, 51.1919, 47.0487, 52.0420, 46.8046, 53.0427, 46.8530, 53.2209, 46.2346, 53.0409, 45.2590, 52.1674, 45.4084, 51.3169, 45.2460, 51.2785, 44.5149, 50.3056, 44.6098, 50.3391, 44.2840, 50.8913, 44.0310, 51.3424, 43.1330, 52.5014, 42.7923, 52.6921, 42.4439, 52.4463, 42.0272, 52.5025, 41.7833, 52.8147, 41.1354, 52.9167, 41.8681, 53.7217, 42.1232, 54.0083, 41.5512, 54.7368, 40.9510, 53.8581, 40.6310, 52.9153, 40.8765, 52.6940, 40.0336, 53.3578, 39.9753, 53.1010, 39.2906, 53.8809, 38.9521, 53.7355, 37.9061, 53.9216, 37.1989, 53.8258, 36.9650, 52.2640, 36.7004, 50.8424, 36.8728, 50.1478, 37.3746, 49.1996, 37.5829, 48.8833, 38.3203, 48.8565, 38.8155, 49.2232, 39.0492, 49.3953, 39.3995, 49.5692, 40.1761, 50.3928, 40.2566, 50.0848, 40.5262, 49.6189, 40.5729, 49.1103, 41.2823, 48.5844, 41.8089, 47.4925, 42.9866, 47.5909, 43.6602, 46.6820, 44.6092
-64.5191, 49.8730, -64.1732, 49.9572, -62.8583, 49.7064, -61.8356, 49.2886, -61.8063, 49.1051, -62.2932, 49.0872, -63.5893, 49.4007, -64.5191, 49.8730
-80.3154, 62.0856, -79.9294, 62.3856, -79.5200, 62.3637, -79.2658, 62.1587, -79.6575, 61.6331, -80.0996, 61.7181, -80.3621, 62.0165, -80.3154, 62.0856
-83.9937, 62.4528, -83.2505, 62.9141, -81.8770, 62.9046, -81.8983, 62.7108, -83.0686, 62.1592, -83.7746, 62.1823, -83.9937, 62.4528
-75.2160, 67.4442, -75.8659, 67.1489, -76.9869, 67.0987, -77.2364, 67.5881, -76.8117, 68.1486, -75.8952, 68.2872, -75.1145, 68.0104, -75.1033, 67.5820, -75.2160, 67.4442
-96.5574, 69.6800, -95.6477, 69.1077, -96.2695, 68.7570, -97.6174, 69.0600, -98.4318, 68.9507, -99.7974, 69.4000, -98.9174, 69.7100, -98.2183, 70.1435, -97.1574, 69.8600, -96.5574, 69.6800
-106.5226, 73.0760, -105.4024, 72.6726, -104.7748, 71.6984, -104.4648, 70.9930, -102.7854, 70.4978, -100.9808, 70.0243, -101.0893, 69.5845, -102.7312, 69.5040, -102.0933, 69.1196, -102.4303, 68.7528, -104.2400, 68.9100, -105.9600, 69.1800, -107.1226, 69.1192, -109.0000, 68.7800, -111.5341, 68.6301, -113.3132, 68.5355, -113.8550, 69.0074, -115.2200, 69.2800, -116.1079, 69.1682, -117.3400, 69.9600, -116.6747, 70.0665, -115.1311, 70.2373, -113.7214, 70.1924, -112.4161, 70.3664, -114.3500, 70.6000, -116.4868, 70.5205, -117.9048, 70.5406, -118.4324, 70.9092, -116.1131, 71.3092, -117.6557, 71.2952, -119.4020, 71.5586, -118.5627, 72.3078, -117.8664, 72.7060, -115.1891, 73.3146, -114.1672, 73.1215, -114.6663, 72.6528, -112.4410, 72.9554, -111.0504, 72.4504, -109.9203, 72.9611, -109.0065, 72.6333, -108.1884, 71.6509, -107.6860, 72.0655, -108.3964, 73.0895, -107.5165, 73.2360, -106.5226, 73.0760
-79.7758, 72.8029, -80.8761, 73.3332, -80.8339, 73.6932, -80.3531, 73.7597, -78.0644, 73.6519, -76.3400, 73.1027, -76.2514, 72.8264, -77.3144, 72.8555, -78.3917, 72.8767, -79.4863, 72.7422, -79.7758, 72.8029
139.8631, 73.3698, 140.8117, 73.7651, 142.0621, 73.8576, 143.4828, 73.4753, 143.6038, 73.2124, 142.0876, 73.2054, 140.0382, 73.3169, 139.8631, 73.3698
148.2222, 75.3458, 150.7317, 75.0841, 149.5759, 74.6889, 147.9775, 74.7784, 146.1192, 75.1730, 146.3585, 75.4968, 148.2222, 75.3458
138.8311, 76.1368, 141.4716, 76.0929, 145.0863, 75.5626, 144.3000, 74.8200, 140.6138, 74.8477, 138.9554, 74.6115, 136.9744, 75.2617, 137.5118, 75.9492, 138.8311, 76.1368
-98.5770, 76.5886, -98.5000, 76.7200, -97.7356, 76.2566, -97.7044, 75.7434, -98.1600, 75.0000, -99.8087, 74.8974, -100.8837, 75.0574, -100.8629, 75.6408, -102.5021, 75.5638, -102.5655, 76.3366, -101.4897, 76.3054, -99.9835, 76.6463, -98.5770, 76.5886
102.8378, 79.2813, 105.3724, 78.7133, 105.0755, 78.3069, 99.4381, 77.9210, 101.2649, 79.2340, 102.0863, 79.3464, 102.8378, 79.2813
93.7777, 81.0246, 95.9409, 81.2504, 97.8838, 80.7470, 100.1867, 79.7801, 99.9398, 78.8809, 97.7579, 78.7562, 94.9726, 79.0447, 93.3129, 79.4265, 92.5454, 80.1438, 91.1811, 80.3415, 93.7777, 81.0246
-96.0164, 80.6023, -95.3235, 80.9073, -94.2984, 80.9773, -94.7354, 81.2065, -92.4098, 81.2574, -91.1329, 80.7234, -87.8100, 80.3200, -87.0200, 79.6600, -85.8143, 79.3369, -87.1876, 79.0393, -89.0354, 78.2872, -90.8043, 78.2153, -92.8767, 78.3433, -93.9512, 78.7510, -93.9357, 79.1137, -93.1452, 79.3801, -94.9740, 79.3725, -96.0761, 79.7050, -96.7097, 80.1578, -96.0164, 80.6023
-91.5870, 81.8943, -90.1000, 82.0850, -88.9323, 82.1175, -86.9702, 82.2796, -85.5000, 82.6523, -84.2600, 82.6000, -83.1800, 82.3200, -82.4200, 82.8600, -81.1000, 83.0200, -79.3066, 83.1306, -76.2500, 83.1721, -75.7188, 83.0640, -72.8315, 83.2332, -70.6658, 83.1698, -68.5000, 83.1063, -65.8273, 83.0280, -63.6800, 82.9000, -61.8500, 82.6286, -61.8939, 82.3616, -64.3340, 81.9278, -66.7534, 81.7253, -67.6576, 81.5014, -65.4803, 81.5066, -67.8400, 80.9000, -69.4697, 80.6168, -71.1800, 79.8000, -73.2428, 79.6342, -73.8800, 79.4302, -76.9077, 79.3231, -75.5292, 79.1977, -76.2205, 79.0191, -75.3935, 78.5258, -76.3435, 78.1830, -77.8885, 77.8999, -78.3627, 77.5086, -79.7595, 77.2097, -79.6196, 76.9834, -77.9109, 77.0220, -77.8891, 76.7780, -80.5613, 76.1781, -83.1744, 76.4540, -86.1118, 76.2990, -87.6000, 76.4200, -89.4907, 76.4724, -89.6161, 76.9521, -87.7674, 77.1783, -88.2600, 77.9000, -87.6500, 77.9702, -84.9763, 77.5387, -86.3400, 78.1800, -87.9619, 78.3718, -87.1520, 78.7587, -85.3787, 78.9969, -85.0949, 79.3454, -86.5073, 79.7362, -86.9318, 80.2515, -84.1984, 80.2084, -83.4087, 80.1000, -81.8482, 80.4644, -84.1000, 80.5800, -87.5990, 80.5163, -89.3666, 80.8557, -90.2000, 81.2600, -91.3679, 81.5531, -91.5870, 81.8943
-46.7638, 82.6280, -43.4064, 83.2252, -39.8975, 83.1802, -38.6221, 83.5490, -35.0879, 83.6451, -27.1005, 83.5197, -20.8454, 82.7267, -22.6918, 82.3417, -26.5175, 82.2977, -31.9000, 82.2000, -31.3965, 82.0215, -27.8567, 82.1318, -24.8445, 81.7870, -22.9033, 82.0932, -22.0718, 81.7345, -23.1696, 81.1527, -20.6236, 81.5246, -15.7682, 81.9125, -12.7702, 81.7189, -12.2086, 81.2915, -16.2853, 80.5800, -16.8500, 80.3500, -20.0462, 80.1771, -17.7304, 80.1291, -18.9000, 79.4000, -19.7050, 78.7513, -19.6735, 77.6386, -18.4729, 76.9857, -20.0350, 76.9443, -21.6794, 76.6279, -19.8341, 76.0981, -19.5990, 75.2484, -20.6682, 75.1559, -19.3728, 74.2956, -21.5942, 74.2238, -20.4345, 73.8171, -20.7623, 73.4644, -22.1722, 73.3096, -23.5659, 73.3066, -22.3131, 72.6293, -22.2995, 72.1841, -24.2783, 72.5979, -24.7930, 72.3302, -23.4430, 72.0802, -22.1328, 71.4690, -21.7536, 70.6637, -23.5360, 70.4710, -24.3070, 70.8565, -25.5434, 71.4309, -25.2014, 70.7523, -26.3628, 70.2265, -23.7274, 70.1840, -22.3490, 70.1295, -25.0293, 69.2588, -27.7474, 68.4705, -30.6737, 68.1250, -31.7767, 68.1208, -32.8111, 67.7355, -34.2020, 66.6797, -36.3528, 65.9789, -37.0438, 65.9377, -38.3751, 65.6921, -39.8122, 65.4585, -40.6690, 64.8400, -40.6828, 64.1390, -41.1887, 63.4825, -42.8194, 62.6823, -42.4167, 61.9009, -42.8662, 61.0740, -43.3784, 60.0977, -44.7875, 60.0368, -46.2636, 60.8533, -48.2629, 60.8584, -49.2331, 61.4068, -49.9004, 62.3834, -51.6332, 63.6269, -52.1401, 64.2784, -52.2766, 65.1767, -53.6617, 66.0996, -53.3016, 66.8365, -53.9691, 67.1890, -52.9804, 68.3576, -51.4754, 68.7296, -51.0804, 69.1478, -50.8712, 69.9291, -52.0136, 69.5749, -52.5579, 69.4262, -53.4563, 69.2836, -54.6834, 69.6100, -54.7500, 70.2893, -54.3588, 70.8213, -53.4313, 70.8358, -51.3901, 70.5698, -53.1094, 71.2048, -54.0042, 71.5472, -55.0000, 71.4065, -55.8347, 71.6544, -54.7182, 72.5863, -55.3263, 72.9586, -56.1200, 73.6498, -57.3236, 74.7103, -58.5968, 75.0986, -58.5852, 75.5173, -61.2686, 76.1024, -63.3916, 76.1752, -66.0643, 76.1349, -68.5044, 76.0614, -69.6649, 76.3798, -71.4026, 77.0086, -68.7767, 77.3231, -66.7640, 77.3760, -71.0429, 77.6359, -73.2970, 78.0442, -73.1594, 78.4327, -69.3735, 78.9139, -65.7107, 79.3944, -65.3239, 79.7581, -68.0230, 80.1172, -67.1513, 80.5158, -63.6893, 81.2140, -62.2344, 81.3211, -62.6512, 81.7704, -60.2825, 82.0336, -57.2074, 82.1907, -54.1344, 82.1996, -53.0433, 81.8883, -50.3906, 82.4388, -48.0039, 82.0648, -46.5998, 81.9859, -44.5230, 81.6607, -46.9007, 82.1998, -46.7638, 82.6280
-106.6000, 73.6000, -105.2600, 73.6400, -104.5000, 73.4200, -105.3800, 72.7600, -106.9400, 73.4600, -106.6000, 73.6000
